frame,fish_id,length_cm
0,1,9.927239990234375
0,2,9.774575805664062
0,3,15.881812744140625
0,4,9.851461791992188
0,5,9.806852416992188
1,1,16.07651123046875
1,2,10.102196044921875
1,3,12.005179443359374
1,4,5.7821240234375
1,5,4.563780822753906
1,6,11.3406005859375
1,7,9.804077758789063
1,8,9.58626220703125
2,1,14.77203369140625
2,2,14.828289794921876
2,3,8.270648193359374
2,4,4.8661801147460935
2,5,2.7067080688476564
2,6,8.567034301757813
2,7,9.580850219726562
2,8,9.493229370117188
2,9,9.614907836914062
3,1,14.64155517578125
3,2,12.40997314453125
3,3,2.907487487792969
3,4,6.269771118164062
3,5,10.197384643554688
3,6,1.44743408203125
3,7,10.524530029296875
4,1,3.015555114746094
4,2,14.47244384765625
4,3,8.665386352539063
4,4,10.453511962890625
5,1,12.8524560546875
5,2,14.7887255859375
5,3,1.9932498168945312
5,4,2.4150076293945313
5,5,10.738629150390626
5,6,7.595980224609375
5,7,13.547467041015626
6,1,12.248570556640624
6,2,14.844793701171875
6,3,10.85619140625
6,4,13.84675048828125
6,5,1.7364805603027345
6,6,1.8812258911132813
6,7,11.194312744140625
7,1,14.924954833984375
7,2,9.828338623046875
7,3,10.8627392578125
7,4,13.7496044921875
7,5,0.5094719696044921
8,1,16.910523681640626
8,2,11.285650634765625
8,3,0.8589546203613281
8,4,3.475579833984375
8,5,7.157820434570312
8,6,4.446312255859375
8,7,2.581890869140625
9,1,6.247725830078125
9,2,15.526336669921875
9,3,1.1095289611816406
9,4,8.21668701171875
9,5,11.48481201171875
9,6,10.9646142578125
9,7,1.4652688598632813
9,8,1.6095986938476563
10,1,6.165148315429687
10,2,15.65065673828125
10,3,12.85999267578125
10,4,0.9327973175048828
10,5,8.136639404296876
10,6,4.3843777465820315
10,7,0.4667595672607422
11,1,15.693876953125
11,2,5.508204956054687
11,3,5.538134155273437
11,4,7.923717651367188
11,5,12.076829833984375
11,6,11.3960595703125
12,1,15.469830322265626
12,2,12.23052001953125
12,3,7.745039672851562
12,4,5.182599487304688
13,1,15.333218994140625
13,2,13.285987548828125
13,3,5.786180419921875
13,4,7.783848266601563
14,1,15.941663818359375
14,2,4.859280090332032
14,3,13.944549560546875
14,4,6.119615478515625
15,1,16.323704833984376
15,2,5.74543701171875
15,3,12.75286376953125
15,4,5.115608825683593
16,1,16.549052734375
16,2,13.496187744140625
16,3,1.9359440612792969
16,4,5.559849243164063
17,1,14.801517333984375
17,2,4.805830078125
17,3,7.172818603515625
17,4,2.050666961669922
17,5,5.049593811035156
17,6,6.2719091796875
17,7,12.600050048828125
18,1,14.99881591796875
18,2,12.749547119140624
18,3,6.465165405273438
18,4,8.1037890625
18,5,9.075831909179687
19,1,14.843720703125
19,2,11.123507080078125
19,3,14.364254150390625
19,4,4.0820620727539065
19,5,4.443506469726563
19,6,5.7481494140625
19,7,12.245980224609376
19,8,9.787738037109374
20,1,14.135181884765625
20,2,13.561241455078125
20,3,12.8117578125
20,4,12.639984130859375
20,5,6.496245727539063
20,6,3.5334796142578124
20,7,11.22588134765625
20,8,10.677705078125
20,9,15.32388916015625
20,10,11.127803955078125
20,11,7.1587677001953125
21,1,14.54137939453125
21,2,12.911131591796876
21,3,2.797132873535156
21,4,9.592694702148437
21,5,6.07635498046875
21,6,9.549341430664063
21,7,7.6576611328125
21,8,11.8769384765625
22,1,14.788447265625
22,2,6.6493798828125
22,3,12.4360009765625
22,4,6.204244995117188
23,1,7.441372680664062
23,2,9.252597045898437
23,3,7.944683837890625
23,4,11.537757568359375
23,5,10.221572265625
23,6,7.931790161132812
24,1,10.4363671875
24,2,11.983922119140624
24,3,1.1508480834960937
24,4,7.585543212890625
24,5,8.256268920898437
25,1,6.040119018554687
25,2,7.928577880859375
25,3,3.7920053100585935
25,4,6.758060302734375
25,5,7.888910522460938
26,1,7.875499267578125
26,2,7.44818603515625
26,3,10.497493896484375
27,1,8.04078125
27,2,8.3140185546875
27,3,3.9754638671875
28,1,9.359269409179687
28,2,5.259086303710937
29,1,5.864443359375
29,2,2.861060791015625
30,1,11.415997314453126
31,1,6.485075073242188
32,1,12.8379638671875
32,2,3.4367083740234374
33,1,6.92673095703125
33,2,3.7623724365234374
33,3,6.885723876953125
33,4,14.4299462890625
34,1,6.0646514892578125
34,2,3.7088916015625
34,3,10.6549609375
34,4,6.493313598632812
34,5,4.106775207519531
34,6,14.141805419921875
34,7,13.5514501953125
35,1,9.300263671875
35,2,7.4728076171875
35,3,7.732454223632812
35,4,4.902428894042969
35,5,8.6602783203125
35,6,6.941926879882812
35,7,1.1108646392822266
35,8,10.94226806640625
36,1,0.7512712097167968
36,2,14.089576416015625
36,3,2.624837646484375
36,4,8.346044921875
36,5,9.140184326171875
36,6,13.5120263671875
37,1,0.4420445251464844
37,2,14.65162353515625
37,3,3.488703308105469
37,4,12.415438232421875
38,1,6.532811279296875
38,2,14.164544677734375
38,3,13.674874267578126
38,4,13.34032958984375
38,5,7.48586181640625
39,1,7.576779174804687
39,2,13.477122802734375
39,3,6.343790283203125
39,4,15.0032177734375
40,1,8.885441284179688
40,2,8.179279174804687
40,3,13.12268310546875
40,4,8.715086669921876
40,5,12.784873046875
41,1,9.424619750976563
41,2,12.089571533203125
41,3,0.7735957336425782
41,4,12.4605517578125
42,1,11.987386474609375
42,2,13.254361572265625
42,3,12.114718017578125
42,4,5.8721160888671875
43,1,10.49056396484375
43,2,13.971207275390626
43,3,10.555633544921875
43,4,7.0760498046875
44,1,8.681041259765625
44,2,10.151539916992187
44,3,15.279610595703126
44,4,10.6105517578125
44,5,7.507640380859375
45,1,8.612763671875
45,2,11.932052001953124
45,3,12.530692138671874
45,4,9.520648803710937
45,5,7.956973876953125
46,1,12.257587890625
46,2,8.605269775390624
46,3,12.272606201171875
46,4,12.980130615234375
46,5,4.606161499023438
46,6,11.634056396484375
47,1,12.625615234375
47,2,11.9006787109375
47,3,7.805508422851562
47,4,5.3203125
47,5,11.268505859375
48,1,9.448240356445313
48,2,4.56411865234375
48,3,13.21228271484375
48,4,9.665222778320313
48,5,10.263111572265625
48,6,13.0023828125
49,1,11.9935595703125
49,2,3.4797552490234374
49,3,13.5976318359375
49,4,10.13786376953125
50,1,10.944420166015625
50,2,4.33775390625
50,3,1.8484022521972656
50,4,13.30365966796875
50,5,14.20123779296875
50,6,2.4268423461914064
51,1,13.478477783203125
51,2,11.53027587890625
51,3,7.81059814453125
51,4,10.424095458984375
51,5,13.54864013671875
51,6,10.6286865234375
52,1,13.36610107421875
52,2,7.945906372070312
52,3,12.61665771484375
52,4,13.281142578125
52,5,13.581483154296874
52,6,12.611402587890625
52,7,4.418052062988282
53,1,7.861068115234375
53,2,14.29017822265625
53,3,13.636363525390625
53,4,6.29654541015625
53,5,13.574647216796874
54,1,6.373538208007813
54,2,12.247044677734374
54,3,15.359400634765626
54,4,7.614839477539062
54,5,5.4654345703125
54,6,7.710237426757812
55,1,13.853768310546876
55,2,13.849520263671875
55,3,8.32109375
55,4,7.768677368164062
55,5,9.28666259765625
55,6,8.379669189453125
56,1,13.715714111328126
56,2,5.733689575195313
56,3,14.975577392578124
56,4,10.2085595703125
56,5,7.563004150390625
57,1,13.63189697265625
57,2,15.392054443359376
57,3,5.694444580078125
57,4,9.774781494140624
57,5,10.069449462890624
57,6,5.11985595703125
57,7,1.5288687133789063
57,8,8.619779052734375
58,1,15.073853759765624
58,2,15.30615478515625
58,3,6.476216430664063
58,4,1.3839193725585937
58,5,8.91338134765625
58,6,9.61203369140625
58,7,0.24998800277709962
59,1,13.4263037109375
59,2,12.736939697265624
59,3,13.370123291015625
59,4,6.454813232421875
59,5,5.713701171875
59,6,6.240816650390625
60,1,13.714051513671874
60,2,9.8937744140625
60,3,13.8477880859375
60,4,5.8016815185546875
60,5,9.858031005859376
60,6,2.37404296875
60,7,6.187533569335938
60,8,5.5773291015625
61,1,13.69058837890625
61,2,11.021700439453125
61,3,13.82677001953125
61,4,1.6619314575195312
61,5,5.557221069335937
61,6,12.632425537109375
61,7,5.542079467773437
62,1,14.741080322265624
62,2,13.240284423828125
62,3,5.5533984375
62,4,7.44892333984375
62,5,10.81115966796875
63,1,15.4568994140625
63,2,6.95199462890625
63,3,12.89526123046875
64,1,15.34978759765625
64,2,11.195533447265625
64,3,7.227269897460937
65,1,14.279361572265625
65,2,4.883808288574219
65,3,2.6988345336914064
66,1,9.3373583984375
66,2,13.142784423828125
66,3,10.650645751953125
66,4,8.529220581054688
66,5,10.426351318359375
67,1,8.854553833007813
67,2,11.460963134765626
67,3,14.26966552734375
67,4,10.884422607421875
67,5,8.681504516601562
68,1,9.546078491210938
68,2,11.810037841796875
68,3,16.76239013671875
68,4,12.469635009765625
68,5,3.7626632690429687
69,1,16.525450439453124
69,2,8.120108642578124
69,3,3.4513250732421876
69,4,13.584404296875
70,1,16.36475341796875
70,2,5.920364990234375
70,3,7.4459075927734375
71,1,7.617869873046875
71,2,15.68625244140625
71,3,11.094300537109374
71,4,2.7186724853515627
71,5,2.6989776611328127
71,6,7.812744140625
72,1,15.946341552734374
72,2,6.758084106445312
72,3,0.4234378051757812
72,4,8.63989990234375
72,5,9.054531860351563
72,6,0.7468717956542968
72,7,1.3352503967285156
73,1,16.292850341796875
73,2,0.14017688751220703
73,3,7.579931030273437
73,4,1.4608158874511719
74,1,15.54852783203125
74,2,10.266434326171876
74,3,1.5444261169433593
74,4,5.056995239257812
75,1,16.049921875
75,2,7.193536987304688
75,3,2.825195617675781
75,4,5.125103149414063
75,5,3.4897085571289064
76,1,15.94453125
76,2,6.514896850585938
76,3,1.8560165405273437
76,4,5.684872436523437
77,1,15.462955322265625
77,2,9.709998779296875
77,3,12.37502197265625
77,4,7.894544677734375
77,5,4.9953466796875
78,1,15.116336669921875
78,2,4.545296020507813
78,3,13.69106689453125
78,4,6.78706298828125
78,5,4.568312377929687
79,1,15.0926220703125
79,2,6.61877685546875
79,3,9.584764404296875
79,4,4.839528198242188
79,5,9.001299438476563
80,1,15.031966552734374
80,2,4.406019592285157
80,3,5.764224853515625
80,4,6.732169799804687
80,5,12.421024169921875
80,6,11.61718505859375
81,1,14.179990234375
81,2,5.572471923828125
81,3,3.4778482055664064
81,4,11.158572998046875
82,1,14.78177734375
82,2,6.525972900390625
82,3,11.438270263671875
82,4,4.178110656738281
83,1,15.559993896484375
83,2,1.150736312866211
83,3,15.675255126953125
83,4,9.862764892578125
84,1,14.81519287109375
84,2,8.295165405273437
84,3,11.125096435546874
84,4,13.018936767578126
84,5,14.43788330078125
85,1,15.27982421875
85,2,10.738489990234376
85,3,8.41046142578125
85,4,13.71682861328125
86,1,11.365218505859374
86,2,16.087166748046876
86,3,2.0978411865234374
86,4,6.615781860351563
86,5,4.90390869140625
86,6,13.610921630859375
86,7,7.55826904296875
86,8,13.3347802734375
87,1,9.835006713867188
87,2,14.07533447265625
87,3,3.7792544555664063
87,4,2.253978271484375
87,5,12.04053466796875
87,6,3.6336102294921875
87,7,8.9445166015625
88,1,10.51391357421875
88,2,17.35828125
88,3,1.0328213500976562
88,4,5.578021240234375
88,5,12.733634033203124
89,1,2.3670057678222656
89,2,17.20689453125
89,3,4.394922790527343
90,1,17.259434814453126
90,2,1.9540335083007812
90,3,4.910998229980469
90,4,8.858187866210937
90,5,4.111798706054688
90,6,6.79055419921875
91,1,10.8031103515625
91,2,13.731546630859375
91,3,1.8881658935546874
91,4,17.82288330078125
91,5,4.149725646972656
91,6,3.422029724121094
91,7,4.40485595703125
91,8,3.5063397216796877
92,1,11.03843505859375
92,2,15.608189697265624
92,3,13.0703271484375
92,4,3.4356484985351563
92,5,7.248723754882812
92,6,1.0376786041259765
92,7,13.861827392578125
93,1,7.832435302734375
93,2,13.635968017578126
93,3,14.264215087890625
93,4,12.069228515625
94,1,13.46160400390625
94,2,11.954139404296875
94,3,5.275421752929687
94,4,7.129326171875
94,5,4.25154296875
94,6,3.87551025390625
95,1,0.8035830688476563
95,2,7.389908447265625
95,3,5.4564404296875
95,4,4.59046875
95,5,13.232481689453126
96,1,12.14800048828125
96,2,8.270602416992187
96,3,7.238058471679688
96,4,16.496240234375
96,5,3.9336318969726562
97,1,13.787374267578125
97,2,7.62670654296875
97,3,4.2280120849609375
97,4,8.488750610351563
98,1,13.78342041015625
98,2,12.2272021484375
98,3,5.851021118164063
98,4,8.312796630859374
98,5,10.37333251953125
98,6,0.6367997741699218
99,1,12.576868896484376
99,2,11.593475341796875
99,3,7.4942626953125
99,4,11.111287841796875
99,5,1.5490412902832031
99,6,0.779813461303711
99,7,4.779591369628906
100,1,12.16876953125
100,2,9.496139526367188
100,3,7.36161865234375
100,4,10.74638671875
100,5,0.7271256256103515
101,1,10.8513720703125
101,2,7.637613525390625
102,1,14.593092041015625
102,2,10.156849365234375
103,1,13.838758544921875
103,2,10.511043701171875
104,1,9.0284130859375
104,2,2.7805825805664064
105,1,7.389971923828125
105,2,9.413175048828125
106,1,9.273720703125
106,2,9.925169067382813
106,3,8.190176391601563
107,1,8.020113525390625
107,2,8.457279663085938
108,1,9.239102172851563
108,2,8.400047607421875
109,1,2.011826477050781
109,2,9.045973510742188
110,1,1.6914579772949219
110,2,1.7433766174316405
110,3,9.3428857421875
110,4,15.7219873046875
111,1,1.9721099853515625
111,2,9.192667236328125
111,3,4.936268310546875
111,4,16.6656396484375
112,1,10.62049072265625
112,2,16.036536865234375
112,3,1.6098323059082031
113,1,10.83009765625
113,2,13.937403564453126
113,3,7.659364013671875
114,1,11.042381591796875
114,2,11.244603271484374
114,3,10.12772216796875
114,4,17.332550048828125
115,1,10.9980810546875
115,2,9.546546020507812
115,3,9.56037109375
115,4,16.547314453125
116,1,10.444429931640625
116,2,0.8825892639160157
116,3,9.110302734375
116,4,17.593768310546874
116,5,10.081524658203126
117,1,16.220439453125
117,2,8.8003076171875
117,3,8.689696655273437
118,1,8.694155883789062
118,2,9.966702270507813
119,1,10.663431396484375
119,2,8.921640625
119,3,9.338841552734374
119,4,16.710950927734373
119,5,10.004484252929688
119,6,4.026056213378906
120,1,16.608126220703124
120,2,12.13160400390625
120,3,10.4817626953125
120,4,4.151386108398437
120,5,5.380390014648437
121,1,16.301634521484374
121,2,11.281934814453125
121,3,9.94776123046875
121,4,3.414346008300781
121,5,5.134668579101563
122,1,8.234064331054688
122,2,10.098746948242187
122,3,2.2073028564453123
123,1,8.896058959960937
123,2,9.082815551757813
123,3,9.692057495117188
123,4,3.3971966552734374
123,5,13.0590625
124,1,8.4521630859375
124,2,11.83912841796875
124,3,3.5791146850585935
124,4,11.486092529296876
124,5,3.9630892944335936
125,1,7.554263305664063
125,2,5.353482666015625
125,3,10.01278564453125
125,4,3.9050946044921875
125,5,7.843244018554688
126,1,8.178762817382813
126,2,4.448668823242188
126,3,7.248604125976563
126,4,4.6305419921875
126,5,2.767147216796875
126,6,9.570352172851562
127,1,8.831373291015625
127,2,5.010828552246093
127,3,11.901920166015625
127,4,5.797630615234375
127,5,2.6915432739257814
127,6,1.8133209228515625
127,7,4.6146875
128,1,3.2996356201171877
128,2,10.768099365234375
128,3,3.072557067871094
128,4,13.751014404296875
128,5,6.669444580078125
129,1,4.893352661132813
129,2,3.9423251342773438
129,3,11.97933837890625
129,4,3.297081298828125
129,5,8.550288696289062
129,6,14.939583740234376
129,7,11.3121630859375
130,1,5.101963806152344
130,2,4.488565979003906
130,3,11.141815185546875
130,4,8.366983032226562
130,5,5.56130615234375
130,6,2.7710189819335938
130,7,7.241953125
130,8,15.22229248046875
131,1,11.00946044921875
131,2,8.521170043945313
131,3,4.594129028320313
131,4,0.6385752868652343
131,5,9.33740966796875
132,1,14.579678955078125
132,2,10.300882568359375
132,3,9.33153076171875
132,4,11.11650634765625
132,5,13.7506591796875
132,6,6.298065185546875
132,7,4.51668212890625
133,1,14.9694287109375
133,2,10.010870361328125
133,3,14.24430908203125
133,4,9.196372680664062
133,5,14.075748291015625
133,6,11.44143310546875
133,7,6.005798950195312
133,8,3.0417636108398436
133,9,4.703976440429687
133,10,5.20466064453125
133,11,14.665274658203124
133,12,6.466856079101563
134,1,15.305206298828125
134,2,15.66142333984375
134,3,8.036300659179688
134,4,6.423651123046875
134,5,14.912969970703125
134,6,5.668749389648437
134,7,14.788319091796875
134,8,9.327928466796875
135,1,8.0756396484375
135,2,15.645247802734374
135,3,6.990151977539062
135,4,16.05471435546875
135,5,4.479941711425782
135,6,7.150845336914062
135,7,15.982708740234376
135,8,11.768792724609375
136,1,8.845304565429688
136,2,14.93201171875
136,3,4.403114318847656
136,4,4.949039611816406
136,5,7.762813720703125
136,6,16.152388916015624
136,7,17.0179541015625
136,8,15.670328369140625
137,1,9.0025048828125
137,2,15.909359130859375
137,3,8.892069091796875
137,4,13.325474853515624
137,5,5.922574462890625
137,6,5.447809448242188
137,7,15.68537841796875
138,1,9.369664916992187
138,2,16.65746826171875
138,3,8.953522338867188
138,4,12.71001708984375
138,5,6.432496948242187
138,6,11.292947998046875
138,7,9.029066772460938
139,1,9.236132202148438
139,2,15.302869873046875
139,3,8.752817993164063
139,4,6.086399536132813
139,5,15.284776611328125
139,6,12.81006591796875
140,1,8.551845703125
140,2,15.5480029296875
140,3,5.967832641601563
140,4,12.380592041015625
140,5,5.441903686523437
140,6,5.862960205078125
141,1,9.222355346679688
141,2,7.90860595703125
141,3,9.5106005859375
141,4,5.237498168945312
141,5,7.694302978515625
141,6,5.435335083007812
142,1,9.424959716796875
142,2,7.2363214111328125
142,3,7.54570556640625
142,4,5.17549072265625
142,5,11.732421875
142,6,3.8603646850585935
142,7,10.17704345703125
143,1,8.882550659179687
143,2,6.835248413085938
143,3,7.434852905273438
143,4,3.595234375
143,5,5.644967041015625
144,1,10.5852099609375
144,2,18.104996337890626
144,3,8.807562255859375
144,4,5.844651489257813
144,5,7.136027221679687
144,6,5.435576782226563
144,7,3.1000405883789064
145,1,10.261395263671876
145,2,8.97552978515625
145,3,12.7041650390625
145,4,10.76391845703125
146,1,11.523763427734375
146,2,10.600450439453125
146,3,10.281102294921874
146,4,8.794271850585938
146,5,15.480523681640625
146,6,5.481995849609375
146,7,10.061206665039062
146,8,3.2533938598632814
147,1,8.382846069335937
147,2,13.0928369140625
147,3,7.05062255859375
147,4,3.79398193359375
147,5,9.174434204101562
148,1,7.810023803710937
148,2,9.272380981445313
148,3,2.3314700317382813
148,4,5.70909912109375
149,1,8.78467529296875
149,2,8.011536865234374
149,3,10.107164306640625
149,4,8.63010986328125
149,5,2.1078114318847656
149,6,13.301292724609375
150,1,8.712450561523438
150,2,14.6611865234375
151,1,9.320006713867187
151,2,7.14857421875
152,1,9.315384521484376
152,2,13.196385498046874
152,3,3.8019677734375
152,4,2.8081765747070313
153,1,5.443199462890625
153,2,12.325150146484376
153,3,13.68724365234375
153,4,1.1941305541992187
153,5,3.053383483886719
154,1,1.7907452392578125
154,2,14.9219091796875
154,3,14.192548828125
154,4,7.055938720703125
154,5,0.45254261016845704
155,1,4.78741455078125
155,2,10.405521240234375
155,3,12.6599462890625
155,4,7.4939990234375
155,5,6.474155883789063
155,6,2.380442352294922
155,7,14.79508056640625
156,1,14.0412158203125
156,2,7.492798461914062
156,3,5.24114990234375
156,4,2.1297091674804687
156,5,4.019879150390625
156,6,12.718267822265625
157,1,15.369423828125
157,2,3.3755923461914064
157,3,7.76712646484375
157,4,0.7090631103515626
157,5,14.120706787109375
157,6,6.023602905273438
157,7,11.99055419921875
158,1,12.468515625
158,2,7.328098754882813
158,3,15.266527099609375
158,4,11.8375341796875
158,5,7.3325927734375
158,6,4.4522396850585935
159,1,9.744973754882812
159,2,6.932105712890625
159,3,11.423349609375
159,4,10.008508911132813
159,5,12.369852294921875
159,6,8.80166015625
159,7,6.181583251953125
159,8,8.204165649414062
159,9,14.012440185546875
160,1,6.730219116210938
160,2,7.122049560546875
160,3,10.105018920898438
160,4,14.304945068359375
160,5,8.100155639648438
161,1,17.557142333984373
161,2,7.670792236328125
161,3,4.181292724609375
161,4,10.42030517578125
161,5,7.36308837890625
161,6,14.988287353515625
161,7,14.13872802734375
162,1,16.03364501953125
162,2,8.55125
162,3,7.54339599609375
162,4,15.87708984375
162,5,2.262419891357422
162,6,8.1224560546875
163,1,16.401181640625
163,2,8.49255615234375
163,3,7.60918701171875
163,4,14.26073486328125
163,5,16.124637451171875
164,1,16.728836669921876
164,2,6.751790161132813
164,3,2.827672119140625
165,1,17.890653076171876
165,2,3.207384033203125
165,3,9.597557983398438
165,4,2.331502227783203
165,5,8.424610595703125
166,1,17.7250927734375
166,2,5.7053125
166,3,10.489947509765624
166,4,8.149559326171875
166,5,7.086682739257813
166,6,8.955308837890625
166,7,2.1846588134765623
167,1,17.1696240234375
167,2,1.3651246643066406
167,3,11.35959228515625
167,4,6.161458129882813
167,5,2.3479713439941405
167,6,5.361217651367188
168,1,16.749512939453126
168,2,12.127088623046875
168,3,10.016134643554688
168,4,8.808724975585937
168,5,3.3571539306640625
168,6,2.2746690368652343
168,7,3.2486752319335936
168,8,2.1918269348144532
169,1,16.963760986328126
169,2,11.665390625
169,3,10.008016357421875
169,4,2.489215545654297
169,5,9.282974853515626
169,6,2.8308843994140624
169,7,10.123121337890625
169,8,7.02921630859375
169,9,2.905167541503906
169,10,2.6716571044921875
170,1,14.44736328125
170,2,12.91822509765625
170,3,2.902654724121094
170,4,8.615330200195313
170,5,9.586129150390626
170,6,6.12014404296875
170,7,4.702850341796875
170,8,3.2257757568359375
171,1,14.10024658203125
171,2,14.07311767578125
171,3,2.8529669189453126
171,4,9.804822998046875
171,5,7.47930908203125
171,6,7.6584912109375
171,7,5.518034057617188
171,8,5.83109619140625
171,9,2.5590975952148436
171,10,1.9706318664550782
171,11,0.6228961563110351
172,1,13.483697509765625
172,2,14.46948486328125
172,3,9.7159130859375
172,4,2.914850769042969
172,5,9.346788940429688
172,6,2.6336965942382813
172,7,6.328631591796875
173,1,15.117210693359375
173,2,12.79076416015625
173,3,9.5453662109375
173,4,2.6117263793945313
173,5,2.153229522705078
173,6,7.419421997070312
174,1,9.532664184570313
174,2,16.059437255859375
174,3,3.6388055419921876
174,4,4.4323727416992185
174,5,15.031014404296876
175,1,9.394205932617188
175,2,3.3031326293945313
175,3,3.509227600097656
175,4,6.2969598388671875
176,1,9.441724853515625
176,2,1.4953092956542968
176,3,12.83904541015625
176,4,9.048181762695313
176,5,6.70821044921875
177,1,9.396580200195313
177,2,15.881107177734375
177,3,9.407145385742188
178,1,9.433788452148438
178,2,16.546949462890623
178,3,9.951369018554688
178,4,1.8449418640136719
178,5,7.072489013671875
178,6,0.37582149505615237
179,1,9.537987060546875
179,2,14.505694580078124
179,3,8.80366943359375
179,4,9.511425170898438
179,5,2.524490966796875
179,6,5.215891723632812
179,7,12.560545654296876
180,1,10.208384399414063
180,2,2.97011962890625
180,3,14.833916015625
180,4,10.065222778320312
180,5,0.5275437927246094
181,1,10.421961669921876
181,2,14.84169677734375
181,3,2.9427810668945313
181,4,10.212839965820313
181,5,3.1827972412109373
181,6,10.088329467773438
181,7,11.89511474609375
182,1,10.468255615234375
182,2,15.21572509765625
182,3,9.93584716796875
182,4,3.949227294921875
183,1,10.299547119140625
183,2,15.667498779296874
183,3,10.167860107421875
183,4,3.0054217529296876
184,1,10.481280517578124
184,2,15.560684814453126
184,3,10.061885375976562
184,4,1.989955596923828
185,1,10.006863403320313
185,2,16.293206787109376
185,3,15.96189453125
185,4,10.670506591796874
185,5,1.5114617919921876
185,6,4.368489074707031
186,1,10.250015869140626
186,2,15.990548095703126
186,3,10.838687744140625
186,4,15.440167236328126
187,1,10.105399169921874
187,2,15.973336181640626
187,3,5.591968994140625
188,1,10.0596923828125
188,2,15.9925244140625
188,3,15.74892822265625
188,4,4.371701354980469
188,5,4.121882934570312
188,6,6.027528686523437
189,1,9.956643676757812
189,2,16.8060400390625
189,3,16.274385986328124
189,4,16.794730224609374
189,5,3.8738555908203125
189,6,6.253594970703125
190,1,9.9266748046875
190,2,17.08672119140625
190,3,16.26944580078125
190,4,12.452427978515624
190,5,10.426866455078125
190,6,5.037825012207032
190,7,4.658731384277344
191,1,17.310283203125
191,2,9.614141845703125
191,3,17.761407470703126
191,4,16.17221435546875
191,5,5.145557861328125
191,6,12.71774169921875
191,7,10.546278076171875
192,1,18.647901611328123
192,2,16.4426953125
192,3,9.123016967773438
192,4,3.0011801147460937
192,5,11.556204833984374
192,6,16.285906982421874
193,1,9.330241088867188
193,2,16.057044677734375
193,3,5.067144470214844
193,4,10.407122802734374
193,5,17.049383544921874
193,6,16.939993896484374
194,1,15.926962890625
195,1,9.72691650390625
195,2,4.252856140136719
195,3,5.071795959472656
195,4,15.809462890625
195,5,1.6093695068359375
195,6,15.319073486328126
196,1,10.029898071289063
196,2,5.807874755859375
196,3,9.30024658203125
196,4,5.138590087890625
196,5,14.284295654296875
196,6,2.7833966064453124
196,7,4.395915832519531
196,8,15.13614990234375
197,1,9.538369140625
197,2,16.01269287109375
197,3,7.090132446289062
197,4,6.340106811523437
197,5,6.919295043945312
198,1,9.943077392578125
198,2,5.997171020507812
198,3,15.123992919921875
198,4,6.41317138671875
198,5,6.7437646484375
198,6,10.887755126953126
198,7,9.348296508789062
199,1,10.081263427734376
199,2,16.7922802734375
199,3,5.2511083984375
199,4,14.338907470703125
199,5,6.529014892578125
199,6,3.46757568359375
199,7,5.248465576171875
200,1,9.749351806640625
200,2,14.56058349609375
200,3,5.612364501953125
200,4,6.921292724609375
200,5,3.71848388671875
200,6,11.12448974609375
200,7,6.44109619140625
200,8,11.889310302734375
200,9,0.9239994812011719
200,10,3.768748474121094
200,11,2.604925537109375
201,1,9.153578491210938
201,2,12.8780419921875
201,3,9.341024780273438
201,4,6.4646728515625
201,5,3.6216741943359376
201,6,5.38611328125
201,7,11.110238037109376
201,8,3.6165451049804687
201,9,2.897940673828125
201,10,6.079080200195312
202,1,13.6421826171875
202,2,9.378702392578125
202,3,1.1143133544921875
202,4,5.58764892578125
202,5,11.619310302734375
202,6,4.005950317382813
202,7,6.735337524414063
202,8,3.5060391235351562
202,9,3.61451171875
203,1,14.078509521484374
203,2,8.622227172851563
203,3,1.9268728637695312
203,4,4.237523498535157
203,5,10.890499267578125
203,6,8.430586547851563
203,7,8.522688598632813
203,8,2.976745300292969
203,9,2.0292686462402343
203,10,1.7863499450683593
204,1,14.773514404296876
204,2,8.269609375
204,3,5.171475219726562
204,4,10.21463623046875
204,5,2.1368283081054686
204,6,2.848386535644531
204,7,4.126605834960937
204,8,4.495991516113281
204,9,11.202626953125
205,1,15.116761474609374
205,2,5.172269897460938
205,3,8.764378662109374
205,4,9.907329711914063
205,5,2.3389280700683592
205,6,2.806560363769531
205,7,4.877862854003906
205,8,12.65941162109375
206,1,15.494970703125
206,2,5.49820068359375
206,3,10.732540283203125
206,4,3.1338726806640627
206,5,9.85669677734375
206,6,2.12146728515625
206,7,3.956490173339844
206,8,5.749771728515625
207,1,15.47841552734375
207,2,4.268055114746094
207,3,3.548506164550781
207,4,1.7478689575195312
207,5,2.5082717895507813
207,6,3.9875857543945314
207,7,8.770941772460937
208,1,15.405606689453125
208,2,3.685882568359375
208,3,8.166754150390625
208,4,4.9591302490234375
208,5,5.323177490234375
208,6,1.9433718872070314
208,7,2.0397579956054686
208,8,1.570946502685547
209,1,17.64718017578125
209,2,5.9550390625
209,3,9.132505493164063
209,4,6.525377197265625
209,5,11.345518798828126
209,6,2.513202972412109
209,7,3.739853820800781
209,8,6.493248291015625
210,1,4.746160888671875
210,2,4.683482360839844
210,3,15.99677490234375
210,4,5.2344140625
210,5,12.027752685546876
211,1,9.297261962890625
211,2,5.246045532226563
211,3,15.3293310546875
211,4,3.6203863525390627
212,1,5.336505737304687
212,2,10.191241455078124
212,3,1.5117904663085937
212,4,14.095819091796875
212,5,6.62065185546875
212,6,4.108710632324219
212,7,1.9400547790527343
213,1,9.523511962890625
213,2,6.138301391601562
213,3,14.094205322265625
213,4,12.18745849609375
213,5,0.4361496734619141
213,6,4.967503967285157
214,1,10.981519775390625
214,2,7.2685003662109375
214,3,13.396925048828125
214,4,14.249302978515624
214,5,4.686271667480469
215,1,16.969815673828126
215,2,18.582327880859374
215,3,10.6292138671875
215,4,13.398123779296874
215,5,6.0929327392578125
215,6,13.171673583984376
215,7,5.393433227539062
215,8,5.320390014648438
215,9,3.4978948974609376
216,1,16.9841845703125
216,2,18.06829345703125
216,3,2.5222879028320313
216,4,10.950968017578125
216,5,11.73690185546875
216,6,4.524200439453125
216,7,8.971585693359375
216,8,3.320371398925781
216,9,14.80724853515625
216,10,3.2501995849609373
217,1,16.345687255859374
217,2,1.3718768310546876
217,3,12.652203369140626
217,4,4.274662780761719
217,5,12.464180908203126
217,6,14.340126953125
217,7,10.29924560546875
217,8,3.817611083984375
217,9,4.0866943359375
217,10,2.449302978515625
217,11,2.5309626770019533
218,1,15.77365478515625
218,2,17.23029296875
218,3,4.614293212890625
218,4,6.512989501953125
218,5,10.58922119140625
218,6,16.19125732421875
218,7,1.3216473388671874
218,8,11.38573486328125
218,9,13.137821044921875
218,10,3.3804498291015626
218,11,2.2549565124511717
219,1,16.17201904296875
219,2,17.627752685546874
219,3,11.63325439453125
219,4,17.043212890625
219,5,4.150003356933594
219,6,11.449395751953125
219,7,5.200276489257813
219,8,2.208857421875
219,9,3.732010498046875
219,10,15.82533447265625
219,11,9.95877197265625
219,12,3.5306646728515627
219,13,13.02566650390625
220,1,15.336544189453125
220,2,17.282349853515626
220,3,12.240279541015624
220,4,4.705880737304687
220,5,4.372289123535157
220,6,3.2007763671875
220,7,11.8550244140625
220,8,10.4114111328125
220,9,11.892581787109375
220,10,6.315679931640625
220,11,3.6320916748046876
220,12,1.4862158203125
221,1,14.082276611328124
221,2,17.2686865234375
221,3,12.91593017578125
221,4,4.379892883300781
221,5,12.20924072265625
221,6,14.04812255859375
221,7,12.80783203125
221,8,4.521434936523438
221,9,3.620433349609375
221,10,7.407245483398437
221,11,2.9645932006835936
221,12,3.4834658813476564
221,13,10.00329345703125
221,14,7.500859375
221,15,6.327485961914062
222,1,11.4553369140625
222,2,12.891761474609375
222,3,11.8834033203125
222,4,16.59245361328125
222,5,13.2322314453125
222,6,4.755861206054687
222,7,12.777896728515625
222,8,16.540999755859374
222,9,5.322293090820312
222,10,3.1704571533203123
222,11,4.126950378417969
222,12,2.727314453125
223,1,14.465718994140625
223,2,12.64413818359375
223,3,11.865244140625
223,4,13.582464599609375
223,5,15.08361083984375
223,6,12.335146484375
223,7,3.8206130981445314
223,8,12.87771484375
223,9,5.18986328125
223,10,4.523303527832031
223,11,3.5931890869140624
223,12,6.703092041015625
223,13,2.679576721191406
224,1,13.14280517578125
224,2,16.7682275390625
224,3,11.52834716796875
224,4,4.012867736816406
224,5,13.490458984375
224,6,11.214600830078124
224,7,5.127772216796875
224,8,11.1291552734375
224,9,0.8329855346679688
224,10,4.82666748046875
224,11,2.437510528564453
224,12,2.242017822265625
225,1,16.402314453125
225,2,13.713482666015626
225,3,15.55439208984375
225,4,1.2536471557617188
225,5,3.780864562988281
225,6,5.5757904052734375
225,7,14.42937255859375
225,8,3.4160546875
225,9,17.398511962890623
226,1,11.992265625
226,2,13.088367919921875
226,3,14.696483154296875
226,4,12.26932861328125
226,5,4.049955139160156
226,6,2.8728628540039063
226,7,5.0390145874023435
226,8,1.5755416870117187
226,9,15.05415283203125
226,10,3.59171630859375
227,1,12.308792724609376
227,2,14.667508544921875
227,3,15.620185546875
227,4,12.764305419921875
227,5,4.132010498046875
227,6,2.2154194641113283
227,7,5.012900695800782
227,8,12.432210693359375
227,9,6.348359375
227,10,3.3140625
228,1,12.896236572265625
228,2,15.585247802734376
228,3,15.377318115234376
228,4,4.678184509277344
228,5,3.57468017578125
228,6,14.212535400390625
228,7,7.1382904052734375
229,1,12.67551025390625
229,2,15.59824462890625
229,3,16.19408203125
229,4,5.29823486328125
229,5,2.8562396240234373
229,6,12.959388427734375
229,7,3.7493975830078123
229,8,6.688155517578125
230,1,13.526966552734375
230,2,16.354476318359374
230,3,15.596123046875
230,4,3.8670672607421874
230,5,2.0245545959472655
230,6,1.8539004516601563
230,7,3.9123165893554686
230,8,4.579940490722656
231,1,15.97703857421875
231,2,16.70197265625
231,3,15.13905517578125
231,4,1.7596945190429687
231,5,4.454035339355468
232,1,16.259871826171874
232,2,1.7576194763183595
232,3,17.004735107421876
232,4,14.30781494140625
232,5,1.9257347106933593
232,6,4.5712823486328125
233,1,15.364945068359376
233,2,1.9449327087402344
233,3,15.30029296875
233,4,10.7606396484375
233,5,2.1085026550292967
233,6,11.292657470703125
234,1,14.591822509765626
234,2,15.818751220703126
234,3,12.069227294921875
234,4,5.563908081054688
234,5,2.354530487060547
234,6,2.90372314453125
235,1,14.75056884765625
235,2,13.30794677734375
235,3,9.732074584960937
235,4,15.34015625
235,5,3.2766265869140625
235,6,6.508778686523438
235,7,11.463275146484374
235,8,6.37888916015625
236,1,9.476482543945313
236,2,11.110396728515624
236,3,13.50026611328125
236,4,10.878360595703125
236,5,12.077049560546875
236,6,16.335926513671875
236,7,3.9192730712890627
236,8,3.2472979736328127
236,9,6.732907104492187
237,1,10.74632568359375
237,2,8.206488647460937
237,3,10.56609375
237,4,13.711123046875
237,5,3.6147442626953126
237,6,4.5104827880859375
237,7,14.612447509765625
237,8,13.907249755859375
237,9,6.888881225585937
238,1,8.345069580078125
238,2,11.9604296875
238,3,15.088497314453125
238,4,11.907337646484375
238,5,7.597471313476563
238,6,10.74298583984375
238,7,3.475244445800781
238,8,11.698406982421876
238,9,1.4277586364746093
239,1,14.571005859375
239,2,5.53908447265625
239,3,11.838143310546876
239,4,12.029228515625
239,5,3.1671939086914063
239,6,1.9038021850585938
239,7,14.579757080078124
239,8,10.5379150390625
239,9,7.45627197265625
239,10,11.925433349609374
240,1,5.975800170898437
240,2,14.092452392578124
240,3,12.609610595703124
240,4,12.466630859375
240,5,7.088001708984375
240,6,14.3238427734375
240,7,3.007596740722656
240,8,11.684896240234375
240,9,8.304276123046876
240,10,3.1985928344726564
240,11,6.129400024414062
241,1,7.913632202148437
241,2,7.028485717773438
241,3,14.433438720703125
241,4,3.7712530517578124
241,5,3.848138427734375
241,6,12.39848388671875
241,7,13.4444921875
241,8,13.17989501953125
241,9,12.2698046875
242,1,7.089813232421875
242,2,3.9412176513671877
242,3,3.4380972290039065
242,4,12.04950927734375
242,5,14.113424072265625
242,6,7.481734619140625
242,7,14.487515869140625
243,1,11.10137451171875
243,2,7.096177368164063
243,3,12.876552734375
243,4,4.088948669433594
243,5,15.820521240234376
243,6,2.967177734375
243,7,5.590648803710938
243,8,1.1237547302246094
244,1,12.457181396484375
244,2,14.121124267578125
244,3,11.6899609375
244,4,2.97020751953125
244,5,4.067414245605469
245,1,8.538994750976563
245,2,13.776640625
245,3,13.436240234375
245,4,2.508585968017578
245,5,12.743443603515624
245,6,3.257330017089844
246,1,6.057896118164063
246,2,11.26643310546875
246,3,4.577021179199218
246,4,1.8092668151855469
246,5,14.2432763671875
247,1,4.9728219604492185
247,2,3.878287658691406
247,3,7.488939208984375
247,4,14.578016357421875
247,5,1.516400604248047
247,6,12.54142822265625
248,1,6.124156494140625
248,2,10.729080810546876
248,3,4.899008178710938
248,4,13.682529296875
248,5,2.8345574951171875
248,6,0.9922634124755859
248,7,11.469339599609375
248,8,7.382252197265625
248,9,5.82256103515625
248,10,10.80207763671875
248,11,4.393570861816406
249,1,9.004088134765626
249,2,10.514683837890624
249,3,3.3002374267578123
249,4,5.29593505859375
249,5,13.105770263671875
249,6,1.60993896484375
249,7,13.343822021484375
250,1,10.26929443359375
250,2,5.821773071289062
250,3,6.416566772460937
250,4,3.4502883911132813
250,5,4.553067626953125
250,6,13.65156982421875
250,7,11.7920751953125
250,8,10.137847290039062
250,9,1.2242317199707031
251,1,8.436740112304687
251,2,6.126468505859375
251,3,10.50594970703125
251,4,13.86258544921875
251,5,14.839425048828126
251,6,3.050970458984375
251,7,13.4383251953125
251,8,4.311790161132812
252,1,10.3857666015625
252,2,13.848660888671875
252,3,2.382393798828125
252,4,3.724112854003906
252,5,8.628525390625
253,1,14.0852099609375
253,2,5.015467529296875
253,3,2.011696624755859
253,4,8.209749755859375
253,5,4.369190063476562
254,1,11.576866455078125
254,2,15.413175048828125
254,3,13.009898681640625
254,4,4.7237109375
254,5,3.23724365234375
254,6,3.559429931640625
254,7,2.32991943359375
254,8,9.623020629882813
255,1,14.4329150390625
255,2,9.727525024414062
255,3,3.17528076171875
255,4,5.916156616210937
255,5,3.441175842285156
255,6,4.861267700195312
256,1,10.91048828125
256,2,15.6281396484375
256,3,3.570603332519531
256,4,1.0794770812988281
256,5,10.1032958984375
256,6,4.7872265625
256,7,2.69705810546875
256,8,8.652597045898437
256,9,10.116799926757812
257,1,0.851502685546875
257,2,8.226407470703125
257,3,10.061185302734375
257,4,10.119947509765625
257,5,14.53054931640625
257,6,3.478934631347656
257,7,11.599775390625
257,8,0.64603515625
258,1,13.12211669921875
258,2,1.9227297973632813
258,3,10.389947509765625
258,4,10.7952392578125
258,5,4.064647216796875
258,6,0.8279971313476563
258,7,10.251455078125
259,1,1.57875
259,2,10.9605078125
259,3,4.193042297363281
259,4,12.8879150390625
259,5,11.474615478515625
259,6,2.1769468688964846
259,7,10.55850341796875
260,1,5.322362060546875
260,2,2.3424839782714844
260,3,13.637451171875
260,4,3.7790228271484376
260,5,13.9892919921875
260,6,16.197906494140625
260,7,1.1603126525878906
261,1,14.429227294921875
261,2,3.3208172607421873
261,3,2.596077575683594
261,4,13.35581787109375
261,5,15.98974365234375
262,1,13.958934326171875
262,2,14.097169189453124
262,3,3.2845709228515627
262,4,3.6181790161132814
262,5,16.3092138671875
262,6,4.923778991699219
262,7,8.055514526367187
263,1,17.69669921875
263,2,13.12315185546875
263,3,13.566400146484375
263,4,7.240553588867187
263,5,4.371458435058594
263,6,8.93363037109375
263,7,4.312458801269531
264,1,17.452591552734376
264,2,13.192105712890625
264,3,13.049351806640624
264,4,4.7626339721679685
265,1,13.6926806640625
265,2,18.335806884765624
265,3,3.32357421875
265,4,4.988457946777344
265,5,11.042752685546875
266,1,16.5972998046875
266,2,13.445679931640624
266,3,9.145963745117188
266,4,6.35390869140625
267,1,14.026224365234375
267,2,14.4354541015625
267,3,8.988348999023437
267,4,9.5015185546875
268,1,15.24992919921875
268,2,13.35412109375
268,3,9.011571655273437
268,4,9.208395385742188
269,1,15.200277099609375
269,2,11.7307568359375
269,3,6.961927490234375
269,4,9.742401733398438
269,5,10.421385498046876
269,6,10.009588623046875
270,1,13.60436767578125
270,2,12.622672119140624
270,3,4.345332336425781
271,1,12.3238037109375
271,2,12.691617431640625
271,3,6.476289672851562
272,1,12.0258056640625
272,2,13.185286865234374
272,3,4.981988830566406
273,1,10.816329345703124
274,1,10.449320068359375
275,1,10.54587646484375
275,2,14.962733154296876
275,3,10.41344482421875
275,4,2.4112362670898437
276,1,10.41367919921875
276,2,15.398323974609376
276,3,3.2325119018554687
276,4,7.43260009765625
276,5,10.738994140625
277,1,10.476451416015625
277,2,14.98464599609375
277,3,3.9253509521484373
277,4,2.5643515014648437
277,5,8.459361572265625
278,1,10.140806884765626
278,2,13.431259765625
278,3,3.3105868530273437
278,4,11.23945068359375
279,1,10.048812866210938
279,2,2.66190673828125
279,3,13.82462646484375
279,4,8.8384912109375
279,5,5.800298461914062
280,1,10.27048583984375
280,2,11.024578857421876
280,3,14.02306396484375
280,4,1.7797444152832032
280,5,5.517916870117188
281,1,11.855037841796875
281,2,10.8580517578125
281,3,8.67212158203125
281,4,5.050934448242187
282,1,7.7308416748046875
282,2,12.352484130859375
282,3,5.73031005859375
282,4,11.3013525390625
282,5,6.788012084960937
282,6,5.949884033203125
283,1,12.900179443359375
283,2,5.469833984375
283,3,6.265700073242187
283,4,10.202185668945312
284,1,10.82986083984375
284,2,10.104658203125
284,3,4.633341674804687
284,4,7.001163330078125
284,5,12.194444580078125
284,6,10.484837646484374
285,1,6.5903778076171875
285,2,10.644417724609376
285,3,12.755218505859375
285,4,4.614308471679688
285,5,10.41702392578125
286,1,6.32177734375
286,2,9.485130615234375
286,3,8.251958618164062
286,4,11.9645947265625
286,5,7.19668701171875
287,1,9.6632958984375
287,2,6.393306884765625
287,3,9.187079467773437
287,4,7.273223876953125
287,5,11.58882568359375
287,6,11.502510986328126
288,1,11.799947509765625
288,2,13.929244384765624
288,3,11.7620458984375
288,4,5.882589721679688
288,5,9.827408447265626
288,6,11.9734912109375
288,7,7.126350708007813
288,8,9.935429077148438
288,9,8.4218603515625
289,1,12.071920166015625
289,2,4.044635620117187
289,3,11.4002734375
289,4,14.41069091796875
289,5,8.23749755859375
289,6,11.78696533203125
289,7,9.598191528320312
289,8,6.737614135742188
290,1,12.506650390625
290,2,8.566943969726562
290,3,12.25580078125
290,4,3.7524456787109375
290,5,10.836806640625
290,6,14.38836181640625
290,7,5.652445678710937
290,8,9.218145751953125
291,1,4.646375122070313
291,2,12.4112890625
291,3,8.08392822265625
291,4,8.127454833984375
291,5,10.634349365234375
291,6,16.665592041015625
292,1,4.573212585449219
292,2,10.935792236328124
292,3,16.307686767578126
292,4,12.987484130859375
293,1,4.186201171875
293,2,11.778948974609374
294,1,5.58371826171875
295,1,10.935748291015624
295,2,6.437103881835937
295,3,6.002408447265625
296,1,6.145887451171875
296,2,2.8875396728515623
296,3,11.60346923828125
296,4,12.7270458984375
296,5,5.803812255859375
296,6,5.899424438476562
297,1,11.84337158203125
297,2,1.4720361328125
297,3,12.4202783203125
297,4,6.586774291992188
297,5,10.076566162109375
297,6,6.475675659179688
298,1,11.52201416015625
298,2,1.5326107788085936
298,3,6.411464233398437
298,4,11.858243408203125
298,5,12.3196240234375
298,6,8.589459228515626
299,1,11.29814453125
299,2,8.713833618164063
299,3,10.720572509765624
299,4,4.953657836914062
300,1,13.425115966796875
300,2,5.720997314453125
300,3,1.8435879516601563
300,4,11.606588134765625
300,5,4.690914611816407
301,1,13.310264892578125
301,2,5.337423706054688
301,3,11.1695556640625
301,4,0.8029607391357422
301,5,14.667684326171875
302,1,5.0348641967773435
302,2,14.5639697265625
302,3,9.04368408203125
302,4,12.397208251953124
302,5,1.652899169921875
303,1,9.56823974609375
303,2,4.717707824707031
303,3,14.156964111328126
303,4,7.196565551757812
303,5,5.682924194335937
303,6,5.39298095703125
304,1,4.69097412109375
304,2,8.000562133789062
304,3,5.35775146484375
304,4,7.181619262695312
304,5,15.34221923828125
305,1,2.800630798339844
305,2,5.194383544921875
305,3,5.224324951171875
305,4,3.990928039550781
305,5,5.654476318359375
305,6,3.023828430175781
306,1,5.564689331054687
306,2,7.942515258789062
306,3,5.3969775390625
306,4,2.8506735229492186
306,5,1.3468997192382812
306,6,0.7699715423583985
306,7,2.395787658691406
307,1,10.0560205078125
307,2,5.374209594726563
307,3,5.297608642578125
307,4,0.7160502624511719
307,5,2.071514892578125
307,6,1.2345191955566406
308,1,6.526588134765625
308,2,0.7733455657958984
308,3,11.448426513671874
309,1,6.717022705078125
310,1,7.6671905517578125
310,2,4.18611572265625
310,3,12.823165283203124
311,1,3.9030532836914062
311,2,8.242239379882813
311,3,5.815223388671875
311,4,1.929554443359375
311,5,13.0759326171875
312,1,9.060975952148437
312,2,0.3518271636962891
312,3,13.30287353515625
312,4,3.9614410400390625
313,1,9.68995361328125
313,2,4.0806405639648435
314,1,8.438131103515625
314,2,4.3816986083984375
314,3,5.561149291992187
314,4,5.664741821289063
315,1,4.923533935546875
315,2,6.144500122070313
315,3,8.693378295898437
315,4,5.7053765869140625
315,5,14.149815673828124
315,6,0.328846435546875
315,7,0.624992561340332
316,1,7.233897705078125
316,2,5.295023193359375
316,3,5.867988891601563
316,4,2.4595314025878907
316,5,1.1423160552978515
317,1,5.915452880859375
317,2,5.060302124023438
317,3,3.687752990722656
318,1,3.9799435424804686
318,2,4.341167907714844
318,3,6.165979614257813
318,4,5.323812866210938
319,1,3.751023254394531
319,2,4.741514587402344
320,1,2.030841522216797
320,2,6.1553411865234375
320,3,7.2922430419921875
320,4,5.442931518554688
320,5,8.935081176757812
321,1,8.739761352539062
321,2,6.425211791992187
321,3,5.657552490234375
321,4,10.485789794921875
321,5,12.973907470703125
321,6,6.349242553710938
322,1,8.773704833984375
322,2,5.976644897460938
322,3,6.413500366210937
322,4,6.354239501953125
322,5,10.720892333984375
322,6,12.165076904296875
323,1,8.8024560546875
323,2,5.695249633789063
323,3,9.140225830078125
324,1,13.910189208984375
324,2,6.5360784912109375
324,3,12.164373779296875
324,4,4.5214535522460935
324,5,9.788834228515626
324,6,10.7109228515625
325,1,4.536054992675782
325,2,4.455226135253906
325,3,10.297685546875
325,4,11.28413818359375
325,5,2.218616943359375
325,6,6.42968017578125
326,1,4.705480651855469
326,2,9.536622924804687
326,3,11.714691162109375
326,4,7.224930419921875
326,5,2.9331625366210936
327,1,5.800210571289062
327,2,12.957659912109374
327,3,11.336043701171874
327,4,8.241043090820312
328,1,12.26316162109375
328,2,12.15455078125
328,3,5.710487670898438
328,4,6.898906860351563
328,5,8.351744384765626
329,1,11.93601318359375
329,2,13.099986572265625
329,3,8.147093505859376
330,1,9.071968383789063
330,2,13.051964111328125
330,3,12.468001708984374
330,4,6.559370727539062
330,5,8.111738891601563
331,1,10.836646728515625
331,2,12.577447509765625
331,3,12.3746484375
331,4,10.138885498046875
331,5,7.685186157226562
331,6,8.435497436523438
332,1,11.14587890625
332,2,8.305610961914063
332,3,13.441513671875
332,4,7.591134033203125
333,1,11.291953125
333,2,10.960667724609374
333,3,12.4822509765625
334,1,13.003858642578125
334,2,11.586871337890624
334,3,6.400643920898437
335,1,12.3077490234375
336,1,7.667871704101563
336,2,7.91580322265625
336,3,13.302666015625
336,4,2.995359191894531
337,1,2.9759600830078123
337,2,10.750950927734374
337,3,8.94745849609375
337,4,5.416624145507813
337,5,9.088007202148438
337,6,4.022563171386719
338,1,9.218010864257813
338,2,9.361417236328125
338,3,5.527984008789063
338,4,5.560716552734375
338,5,4.402414245605469
339,1,8.972012939453125
342,1,16.663387451171875
343,1,16.0546533203125
344,1,16.281409912109375
345,1,14.953004150390624
346,1,15.25002197265625
347,1,9.152066650390625
348,1,9.308426513671876
348,2,2.351872863769531
349,1,9.196458740234375
349,2,4.550224609375
351,1,10.0949755859375
351,2,8.191176147460938
351,3,0.39170429229736325
351,4,16.08334716796875
352,1,7.156831665039062
352,2,10.556346435546875
352,3,8.118272094726562
352,4,13.623106689453126
352,5,0.7339952087402344
353,1,7.0949072265625
353,2,16.447459716796875
353,3,4.154714965820313
353,4,9.567491455078125
353,5,0.5025499343872071
353,6,7.941163940429687
354,1,15.91536865234375
354,2,7.297030029296875
354,3,17.122677001953125
354,4,8.921846923828125
354,5,7.080926513671875
354,6,0.31628381729125976
355,1,16.628291015625
355,2,7.55600830078125
356,1,14.454739990234375
357,1,13.69365478515625
357,2,6.424962768554687
358,1,12.82603271484375
358,2,14.88363525390625
359,1,7.122166748046875
360,1,2.249654083251953
361,1,12.253280029296874
361,2,2.1130517578125
362,1,2.5222998046875
362,2,15.731978759765624
363,1,2.572257080078125
364,1,2.531443328857422
365,1,2.6661663818359376
365,2,8.638543701171875
366,1,3.110992126464844
366,2,9.298304443359376
366,3,17.008614501953126
366,4,5.155528564453125
367,1,9.003270874023437
367,2,3.274425354003906
367,3,15.9069580078125
368,1,2.677626647949219
368,2,9.684518432617187
369,1,2.803416748046875
369,2,9.235451049804688
369,3,5.50022705078125
369,4,1.28329833984375
370,1,2.962671203613281
370,2,9.7637939453125
370,3,13.311796875
370,4,5.7871466064453125
370,5,1.5710000610351562
371,1,16.552435302734374
371,2,3.369637145996094
371,3,6.07175537109375
372,1,14.739881591796875
372,2,6.445032958984375
372,3,3.3475357055664063
373,1,6.564988403320313
373,2,14.16565673828125
373,3,3.136788330078125
374,1,6.906566162109375
374,2,10.464166259765625
374,3,2.2711470031738283
374,4,12.49279541015625
375,1,6.682706909179688
375,2,2.678450012207031
375,3,13.08707763671875
376,1,6.894996948242188
376,2,2.6174798583984376
376,3,13.190311279296875
376,4,9.66301025390625
376,5,8.679924926757813
377,1,13.313699951171875
377,2,2.314212646484375
378,1,9.307568359375
378,2,7.1079339599609375
378,3,11.11582763671875
378,4,7.723099975585938
379,1,13.414771728515625
379,2,6.578627319335937
379,3,10.038805541992188
380,1,6.784010620117187
380,2,13.242305908203125
380,3,8.9924951171875
381,1,4.920740051269531
381,2,13.738182373046875
381,3,8.235347290039062
381,4,3.6316879272460936
381,5,7.8194287109375
381,6,10.8227685546875
382,1,3.991903991699219
382,2,13.70598876953125
382,3,3.812840881347656
383,1,6.483171997070312
383,2,11.60783447265625
383,3,3.8588348388671876
383,4,8.139981079101563
383,5,3.8581033325195313
384,1,6.992554931640625
384,2,3.707072448730469
384,3,3.796739501953125
384,4,10.848369140625
385,1,2.3813595581054687
385,2,7.549047241210937
385,3,3.669910888671875
385,4,2.788768615722656
386,1,3.1424386596679685
386,2,3.294776611328125
386,3,7.077222900390625
386,4,6.3303271484375
386,5,4.051066589355469
387,1,3.3253305053710935
387,2,15.467366943359375
387,3,3.690928955078125
387,4,4.942100524902344
387,5,3.413944091796875
388,1,3.8076235961914064
388,2,15.2457763671875
388,3,4.146177978515625
388,4,3.224146423339844
388,5,6.612657470703125
388,6,5.419773559570313
389,1,6.257171630859375
389,2,4.162074584960937
389,3,1.7400205993652345
389,4,10.726231689453124
389,5,2.9826315307617186
389,6,7.026428833007812
390,1,4.612984619140625
390,2,12.81031982421875
390,3,3.0784954833984375
390,4,4.905205383300781
390,5,15.935438232421875
390,6,3.3562750244140624
390,7,7.653394775390625
390,8,7.444973754882812
390,9,14.465838623046874
391,1,4.353762512207031
391,2,5.3213623046875
391,3,5.849193725585938
391,4,9.637393188476562
391,5,3.34402099609375
391,6,12.76353515625
391,7,2.8676666259765624
392,1,4.726192932128907
392,2,3.4311654663085935
392,3,5.45923828125
392,4,13.572216796875
392,5,2.9348114013671873
392,6,5.597031860351563
393,1,5.730543823242187
393,2,13.86490478515625
393,3,14.018035888671875
393,4,3.599110107421875
393,5,4.569417419433594
393,6,3.7341339111328127
393,7,12.552030029296875
393,8,2.9886715698242186
394,1,5.744711303710938
394,2,13.07906005859375
394,3,3.740556335449219
394,4,3.7853515625
394,5,12.12403076171875
394,6,13.662156982421875
394,7,4.57831787109375
394,8,12.822098388671876
395,1,13.9586962890625
395,2,13.94078125
395,3,5.932457275390625
395,4,8.019132690429688
395,5,0.9998989868164062
395,6,3.5494287109375
395,7,15.01291748046875
395,8,6.679959106445312
396,1,6.016453857421875
396,2,14.285357666015624
396,3,10.876929931640625
396,4,14.08412841796875
396,5,2.991529846191406
397,1,6.447649536132812
397,2,14.767335205078124
397,3,14.0053369140625
397,4,11.69582763671875
397,5,3.4308709716796875
397,6,14.5538134765625
397,7,1.2257079315185546
398,1,6.506428833007813
398,2,16.0556591796875
398,3,3.416112976074219
398,4,15.121181640625
399,1,6.77281005859375
399,2,15.09718505859375
399,3,4.058221740722656
399,4,11.279007568359376
400,1,7.568125610351562
400,2,15.07280517578125
400,3,4.003995361328125
400,4,7.500540771484375
400,5,13.17245849609375
400,6,12.92783447265625
401,1,7.731109008789063
401,2,5.109108581542968
401,3,14.427908935546874
401,4,7.854863891601562
401,5,3.5833453369140624
401,6,13.11325927734375
402,1,7.033958129882812
402,2,13.536607666015625
402,3,15.878140869140625
402,4,6.436588745117188
402,5,4.702763366699219
402,6,3.7568548583984374
403,1,7.9457177734375
403,2,5.908345947265625
403,3,11.1173974609375
403,4,3.720774841308594
404,1,6.491984252929687
404,2,3.44135498046875
404,3,1.2609214782714844
404,4,9.3794677734375
405,1,6.874869995117187
405,2,5.254156494140625
405,3,5.364268798828125
405,4,3.526707763671875
406,1,6.747410278320313
406,2,12.42995849609375
406,3,5.479111938476563
406,4,10.502303466796874
406,5,3.332569885253906
407,1,8.324801635742187
407,2,2.8847055053710937
407,3,6.797271118164063
407,4,6.069517822265625
407,5,5.5740594482421875
407,6,3.5006329345703127
407,7,9.18285400390625
408,1,8.417698364257813
408,2,8.309772338867187
408,3,7.030221557617187
408,4,6.049027099609375
408,5,9.988766479492188
408,6,8.919449462890626
408,7,8.623267822265625
408,8,9.719852294921875
408,9,6.048914184570313
408,10,3.41838134765625
409,1,9.0452783203125
409,2,11.097794189453126
409,3,6.144833984375
409,4,5.85202392578125
409,5,8.576853637695313
409,6,9.270243530273438
409,7,8.33198974609375
409,8,8.475762329101563
409,9,5.8306982421875
409,10,4.959661865234375
409,11,7.708587036132813
410,1,8.516398315429688
410,2,5.031019287109375
410,3,1.0874431610107422
410,4,8.30254150390625
410,5,9.71750732421875
410,6,9.551820068359374
410,7,6.374134521484375
410,8,4.84938232421875
411,1,10.51350341796875
411,2,10.71931884765625
411,3,2.8371755981445315
411,4,10.14125
411,5,3.5779229736328126
411,6,10.246697998046875
411,7,6.6370166015625
411,8,6.36823486328125
411,9,3.2006344604492187
412,1,10.567081298828125
412,2,4.635206298828125
412,3,11.046385498046876
412,4,11.290733642578125
412,5,5.464749145507812
412,6,3.909884033203125
412,7,4.040120544433594
413,1,10.3359912109375
413,2,3.9766668701171874
413,3,9.931730346679688
413,4,8.332093505859374
414,1,10.149465942382813
414,2,4.3133676147460935
414,3,8.801339111328126
414,4,8.814288940429687
415,1,10.31365478515625
415,2,7.622925415039062
415,3,7.17013671875
416,1,4.7233642578125
416,2,9.150409545898437
416,3,13.46543701171875
416,4,10.969608154296875
416,5,5.686422729492188
416,6,13.256832275390625
416,7,10.943677978515625
417,1,6.152661743164063
417,2,12.89102783203125
417,3,10.929893798828125
417,4,8.483847045898438
418,1,11.6728466796875
418,2,11.135523681640626
418,3,7.900426635742187
418,4,5.055113220214844
419,1,7.048533935546875
419,2,13.0607861328125
419,3,11.709432373046875
419,4,10.807205810546876
419,5,5.33204345703125
419,6,6.494592895507813
419,7,12.533385009765626
419,8,1.8524977111816405
420,1,7.085443115234375
420,2,13.93860595703125
420,3,11.11346923828125
420,4,10.676163330078126
420,5,1.234874038696289
420,6,7.471880493164062
420,7,12.055496826171876
421,1,7.505374145507813
421,2,10.66603759765625
421,3,12.105968017578125
421,4,11.7960302734375
421,5,8.33268798828125
421,6,4.373350219726563
422,1,11.636214599609374
422,2,9.010964965820312
422,3,12.932218017578125
422,4,5.662559204101562
422,5,11.169627685546875
422,6,5.006474304199219
423,1,9.614740600585938
423,2,11.452308349609375
423,3,13.898580322265625
423,4,4.473551025390625
423,5,12.367998046875
423,6,9.417615966796875
423,7,8.688986206054688
423,8,10.192577514648438
424,1,8.924775390625
424,2,12.075753173828126
424,3,11.027052001953125
424,4,4.825205688476562
424,5,3.8203582763671875
424,6,11.7030029296875
424,7,9.135411376953124
425,1,11.66078369140625
425,2,10.491888427734375
425,3,7.011931762695313
425,4,2.9573541259765626
425,5,4.118367004394531
425,6,9.530904541015625
426,1,5.102523498535156
426,2,13.122265625
426,3,6.256731567382812
426,4,4.190339660644531
426,5,11.81044677734375
426,6,7.0088043212890625
426,7,8.395748291015625
426,8,5.1878204345703125
426,9,9.86309814453125
426,10,12.029761962890625
426,11,7.686278076171875
427,1,5.380236206054687
427,2,13.01579833984375
427,3,12.56440673828125
427,4,7.062416381835938
427,5,3.7217437744140627
427,6,9.333911743164062
427,7,8.7496484375
427,8,9.993595581054688
427,9,6.626402587890625
427,10,8.616893310546875
427,11,8.407630004882812
428,1,12.6682421875
428,2,13.15465087890625
428,3,11.470067138671874
428,4,8.925193481445312
428,5,7.541459350585938
428,6,6.181849975585937
428,7,8.10978271484375
428,8,11.591153564453125
428,9,5.441062622070312
428,10,7.751172485351563
429,1,10.553253173828125
429,2,12.52052978515625
429,3,8.023341064453126
429,4,8.590127563476562
429,5,8.015006713867187
429,6,4.246597595214844
429,7,10.003656005859375
429,8,8.84250732421875
429,9,11.453739013671875
429,10,5.446383056640625
430,1,9.659984130859375
430,2,12.314217529296876
430,3,8.723158569335938
430,4,8.5861669921875
430,5,3.4944747924804687
430,6,10.274425048828125
430,7,7.148939819335937
430,8,5.8797119140625
430,9,8.171694946289062
430,10,6.69197021484375
430,11,11.30561767578125
431,1,9.705662841796874
431,2,0.35384639739990237
431,3,6.76361083984375
431,4,9.9950732421875
431,5,12.42813232421875
431,6,9.282805786132812
431,7,7.12446044921875
431,8,7.055655517578125
432,1,11.35473388671875
432,2,12.233458251953126
432,3,5.047619323730469
432,4,7.383020629882813
432,5,11.96074462890625
432,6,13.47288818359375
432,7,6.474221801757812
432,8,7.182311401367188
432,9,12.43622802734375
432,10,9.274888305664062
432,11,5.660661010742188
433,1,11.653524169921875
433,2,11.54640625
433,3,11.819708251953125
433,4,5.769282836914062
433,5,10.761502685546875
433,6,14.052025146484375
433,7,14.20004150390625
433,8,8.587317504882812
433,9,12.528804931640625
434,1,11.801485595703125
434,2,12.855418701171875
434,3,10.95681640625
434,4,5.619844970703125
434,5,13.823226318359374
434,6,13.019541015625
434,7,7.27902587890625
434,8,11.760433349609375
434,9,7.995969848632813
435,1,12.338104248046875
435,2,9.678992309570312
435,3,7.986927490234375
435,4,14.049189453125
435,5,13.483040771484376
435,6,9.76767578125
435,7,13.1605029296875
435,8,7.812808227539063
435,9,2.7937387084960936
436,1,11.661248779296875
436,2,10.189400634765626
436,3,15.184505615234375
436,4,9.520942993164063
436,5,11.776015625
436,6,2.855606994628906
436,7,9.39581298828125
437,1,11.623096923828125
437,2,10.188817138671874
437,3,11.482431640625
437,4,12.7574609375
437,5,15.29124267578125
437,6,8.525779418945312
437,7,10.207298583984375
437,8,12.83184326171875
438,1,9.148190307617188
438,2,10.343507080078124
438,3,9.121532592773438
438,4,15.28779296875
438,5,4.267218933105469
438,6,7.353532104492188
439,1,10.132677001953125
439,2,10.597344970703125
439,3,15.243564453125
439,4,4.226649169921875
439,5,8.80880615234375
439,6,8.095332641601562
439,7,1.1545381927490235
440,1,9.565931396484375
440,2,10.910106201171875
440,3,14.680164794921875
440,4,8.718941040039063
441,1,8.364876708984376
441,2,15.2886279296875
441,3,9.581821899414063
441,4,7.45073974609375
441,5,7.1409716796875
442,1,9.241143798828125
442,2,11.579146728515624
442,3,8.796903076171875
442,4,7.274415893554687
442,5,14.59681396484375
443,1,12.62010986328125
443,2,11.487069091796876
443,3,7.83256103515625
443,4,9.288007202148437
443,5,13.1662451171875
443,6,1.8381074523925782
444,1,6.49872802734375
444,2,12.874073486328125
444,3,2.5764498901367188
444,4,9.359473876953125
445,1,9.377036743164062
445,2,2.897652282714844
445,3,4.193354797363281
445,4,12.06171630859375
445,5,9.10007080078125
445,6,5.139371337890625
446,1,11.57909423828125
446,2,8.800413818359376
446,3,4.574908447265625
446,4,9.911034545898438
446,5,4.800226745605468
446,6,10.193546142578125
446,7,7.979374389648438
446,8,13.442879638671876
447,1,12.274951171875
447,2,4.318733520507813
447,3,5.929566040039062
447,4,9.232125244140626
447,5,4.386493225097656
448,1,12.424351806640624
448,2,6.287137451171875
448,3,8.010645751953126
448,4,4.239608154296875
449,1,12.65819091796875
449,2,6.050836181640625
449,3,7.315703125
449,4,4.176763916015625
450,1,7.1433740234375
450,2,13.19744384765625
450,3,4.1566641235351565
450,4,10.708895263671875
450,5,8.8597998046875
451,1,7.036195068359375
451,2,4.4873831176757815
451,3,13.651854248046876
451,4,8.306522827148438
452,1,14.176611328125
452,2,5.289669189453125
452,3,8.787044677734375
452,4,4.309662780761719
452,5,7.590625610351562
452,6,5.372058715820312
452,7,11.449937744140625
453,1,14.334737548828125
453,2,4.148810729980469
453,3,8.240261840820313
453,4,12.978233642578125
454,1,7.778262939453125
454,2,12.8075439453125
454,3,11.873160400390624
454,4,13.19389892578125
455,1,12.970614013671875
455,2,10.07255615234375
455,3,7.5520782470703125
455,4,4.750284118652344
455,5,5.248054809570313
456,1,13.781793212890625
456,2,2.408344573974609
457,1,14.72137451171875
457,2,2.0562461853027343
457,3,2.6279364013671875
458,1,11.072724609375
458,2,3.820406188964844
458,3,3.0057077026367187
458,4,4.217998046875
459,1,1.9372109985351562
459,2,5.454397583007813
459,3,2.8689028930664064
460,1,5.106068725585938
460,2,2.827225341796875
461,1,5.255598754882812
461,2,1.8426036071777343
461,3,6.071300659179688
461,4,11.173900146484375
461,5,4.371932373046875
462,1,12.2916455078125
462,2,5.793251342773438
462,3,9.953139038085938
462,4,6.662554931640625
462,5,1.096416015625
463,1,13.11809814453125
463,2,10.630787353515625
463,3,5.568375244140625
463,4,1.3395066833496094
463,5,6.194210205078125
463,6,14.235626220703125
463,7,6.381309204101562
464,1,6.253359375
464,2,13.494427490234376
464,3,2.355976104736328
464,4,2.593819274902344
464,5,0.4372610855102539
465,1,5.166766357421875
465,2,6.329874877929687
465,3,4.183311767578125
465,4,4.2847509765625
465,5,13.969166259765625
466,1,5.770690307617188
466,2,4.006202697753906
466,3,10.283909912109374
466,4,5.8577880859375
467,1,0.8422057342529297
467,2,11.873035888671875
467,3,0.666816177368164
467,4,5.977625732421875
468,1,5.20572998046875
468,2,4.96809326171875
468,3,1.108240737915039
469,1,4.481913757324219
469,2,4.845268859863281
469,3,1.3683685302734374
469,4,8.458389892578126
469,5,10.141647338867188
470,1,8.677207641601562
470,2,1.9942405700683594
470,3,8.449046630859375
470,4,4.856765441894531
470,5,10.34787109375
471,1,7.520360107421875
471,2,10.371572265625
471,3,6.041867065429687
471,4,12.322960205078125
471,5,12.8927490234375
471,6,12.467099609375
471,7,12.4840234375
471,8,2.0564921569824217
471,9,1.146064453125
472,1,7.814430541992188
472,2,8.679384155273437
472,3,12.926072998046875
472,4,12.345418701171875
472,5,5.56385986328125
472,6,12.599842529296875
472,7,2.9200039672851563
473,1,11.826405029296875
473,2,8.186102905273437
473,3,2.9894073486328123
473,4,13.175087890625
473,5,12.6192431640625
473,6,9.036588745117188
473,7,7.304378662109375
474,1,3.014432373046875
474,2,14.81910888671875
474,3,14.1736767578125
474,4,12.1377490234375
474,5,6.603488159179688
474,6,11.316453857421875
474,7,9.622452392578126
474,8,6.59009765625
474,9,4.128506164550782
475,1,2.460604553222656
475,2,15.5800634765625
475,3,12.22494384765625
475,4,10.573978271484375
475,5,11.86264404296875
475,6,4.9325439453125
475,7,4.580187683105469
475,8,5.822989501953125
475,9,8.840400390625
475,10,0.8597838592529297
475,11,13.44768310546875
475,12,0.8800395965576172
476,1,12.20535888671875
476,2,4.883754577636719
476,3,15.975528564453125
476,4,13.399200439453125
476,5,13.42497802734375
476,6,3.907689208984375
476,7,16.33896728515625
476,8,13.21281005859375
476,9,13.379058837890625
476,10,1.6035910034179688
476,11,11.184300537109374
476,12,6.233598022460938
476,13,8.023641357421875
477,1,12.30052734375
477,2,6.256165161132812
477,3,15.857015380859375
477,4,15.24892822265625
477,5,10.702882080078124
477,6,3.0721722412109376
477,7,1.7204856872558594
477,8,11.897901611328125
477,9,10.982708740234376
477,10,7.561273193359375
478,1,12.114786376953125
478,2,6.6315460205078125
478,3,14.657919921875
478,4,12.33147216796875
478,5,14.029879150390625
478,6,11.059630126953126
478,7,11.537762451171876
478,8,4.21550048828125
478,9,7.196724853515625
478,10,1.5767221069335937
479,1,7.580827026367188
479,2,13.206788330078124
479,3,12.170914306640626
479,4,11.478665771484375
479,5,13.362742919921875
479,6,3.918479309082031
479,7,10.46094482421875
479,8,3.059115295410156
480,1,7.817274780273437
480,2,13.103455810546874
480,3,11.81776611328125
480,4,13.351939697265625
480,5,11.397567138671874
480,6,6.71799560546875
480,7,2.7857489013671874
480,8,11.0249951171875
480,9,2.0086402893066406
481,1,13.1570556640625
481,2,5.205623779296875
481,3,6.95082763671875
481,4,14.654666748046875
481,5,7.32998291015625
481,6,12.0345947265625
481,7,5.421865844726563
481,8,2.72581298828125
481,9,5.95579833984375
482,1,8.439314575195313
482,2,14.3640283203125
482,3,5.835247802734375
482,4,9.206359252929687
482,5,6.578590087890625
482,6,3.705142822265625
483,1,12.23240234375
483,2,11.2021337890625
483,3,11.83155029296875
483,4,6.010233764648437
483,5,14.590185546875
483,6,5.958041381835938
483,7,2.5097349548339842
484,1,12.788704833984376
484,2,11.770020751953124
484,3,15.103389892578125
484,4,3.391642761230469
484,5,5.685687866210937
484,6,5.97858154296875
484,7,7.881669311523438
484,8,4.3432443237304685
484,9,7.572001342773437
485,1,13.700675048828124
485,2,3.671131591796875
485,3,12.10279052734375
485,4,13.4170703125
485,5,3.2068402099609377
485,6,12.53712158203125
485,7,1.0527750396728515
485,8,2.3157740783691407
485,9,4.103907470703125
485,10,12.175040283203124
486,1,4.478505249023438
486,2,11.40385498046875
486,3,4.201734008789063
486,4,8.542588500976562
486,5,15.615045166015625
486,6,4.40990234375
486,7,16.3055419921875
486,8,1.991202850341797
487,1,13.5406103515625
487,2,5.2743292236328125
487,3,4.463179626464844
487,4,11.76324462890625
487,5,4.639630126953125
487,6,1.156285629272461
487,7,2.8421405029296873
487,8,15.00067626953125
487,9,2.3819898986816406
487,10,15.86442138671875
488,1,13.352005615234376
488,2,2.8913848876953123
488,3,5.2463720703125
488,4,12.19711181640625
488,5,1.3526614379882813
488,6,2.735283203125
488,7,1.8524940490722657
488,8,5.30226806640625
488,9,5.908331298828125
489,1,4.66248779296875
489,2,8.158395385742187
489,3,6.381513061523438
489,4,3.098291320800781
489,5,12.159571533203126
489,6,13.239664306640625
489,7,1.5740042114257813
489,8,14.36263671875
489,9,8.229896850585938
489,10,1.9387544250488282
489,11,3.416304626464844
489,12,12.42056396484375
489,13,3.723479919433594
490,1,4.520458068847656
490,2,9.176134033203125
490,3,12.09017822265625
490,4,6.468518676757813
490,5,14.095152587890626
490,6,2.0344285583496093
490,7,1.6326449584960938
490,8,13.347779541015624
490,9,2.8470318603515623
490,10,8.984210205078124
490,11,11.227703857421876
491,1,3.956234130859375
491,2,10.653165283203125
491,3,12.668485107421875
491,4,6.0409814453125
491,5,13.787127685546874
491,6,12.158701171875
491,7,11.057235107421874
491,8,2.0055126953125
491,9,1.6719325256347657
491,10,8.783494873046875
491,11,3.4547879028320314
492,1,4.8234426879882815
492,2,6.896268920898438
492,3,11.668944091796876
492,4,15.112183837890624
492,5,2.396173095703125
492,6,8.757482299804687
492,7,16.61640625
492,8,7.42065185546875
493,1,5.246064453125
493,2,13.74896484375
493,3,12.54820556640625
493,4,2.906942138671875
493,5,8.328956909179688
494,1,6.3353814697265625
494,2,12.385467529296875
494,3,7.842879028320312
494,4,3.70227294921875
494,5,1.3971012878417968
494,6,3.7631805419921873
495,1,15.2384765625
495,2,2.2123983764648436
495,3,6.229396362304687
495,4,2.9239376831054686
495,5,14.32167236328125
496,1,6.691259155273437
496,2,14.7188037109375
496,3,5.340557861328125
496,4,3.4643316650390625
497,1,5.812440795898437
497,2,15.481209716796876
497,3,9.767642211914062
497,4,3.6431268310546874
498,1,6.637910766601562
498,2,15.9937646484375
498,3,3.741613464355469
498,4,13.67312744140625
499,1,15.608485107421876
499,2,3.3902777099609374
499,3,13.532645263671874
499,4,15.773922119140625
499,5,6.246190795898437
500,1,5.556243896484375
500,2,15.696827392578125
501,1,2.2052186584472655
501,2,5.218812255859375
501,3,15.02960693359375
501,4,5.874581298828125
501,5,9.366331787109376
502,1,6.136220092773438
502,2,15.39013427734375
502,3,7.09439453125
503,1,6.644166870117187
503,2,5.306923828125
503,3,8.316582641601563
504,1,16.408863525390625
505,1,17.16792236328125
505,2,6.447933959960937
505,3,4.817546081542969
505,4,16.620675048828126
506,1,15.459468994140625
506,2,14.404119873046875
506,3,14.05122802734375
506,4,15.23254638671875
506,5,3.205149841308594
507,1,17.149351806640624
507,2,17.41218994140625
507,3,13.994385986328124
507,4,14.094832763671874
507,5,4.848294067382812
507,6,3.469534912109375
507,7,16.304356689453126
507,8,12.81233154296875
508,1,17.713310546875
508,2,17.553084716796874
508,3,14.0342236328125
508,4,14.223294677734375
508,5,15.76393798828125
508,6,12.905443115234375
508,7,4.297812805175782
508,8,4.79228515625
509,1,17.558154296875
509,2,15.959913330078125
509,3,15.623822021484376
509,4,5.360552978515625
509,5,3.4225787353515624
509,6,13.399669189453125
510,1,17.113116455078124
510,2,16.1975341796875
510,3,6.667705688476563
510,4,5.708438110351563
510,5,2.7980224609375
511,1,17.667318115234377
511,2,17.103677978515623
511,3,5.450105590820312
511,4,3.1020693969726563
511,5,16.15143798828125
511,6,7.6751123046875
511,7,1.8611579895019532
511,8,15.28039794921875
511,9,5.0338442993164065
511,10,15.20383544921875
512,1,17.784298095703125
512,2,4.167966613769531
512,3,7.449093627929687
512,4,13.602801513671874
513,1,17.91550048828125
513,2,18.052767333984374
513,3,4.081886901855468
513,4,16.314119873046874
513,5,7.825833740234375
514,1,18.256082763671873
514,2,16.41327392578125
514,3,3.9787698364257813
514,4,15.51500244140625
515,1,17.261270751953123
515,2,18.479195556640626
515,3,18.260377197265626
515,4,3.0240899658203126
516,1,17.078236083984375
516,2,15.07399169921875
516,3,8.724978637695312
516,4,1.97362060546875
516,5,2.97136474609375
516,6,3.5961749267578127
517,1,18.652088623046875
517,2,13.482379150390624
517,3,6.8525927734375
517,4,5.165702514648437
517,5,2.4924990844726564
517,6,3.3108709716796874
517,7,1.4111337280273437
518,1,17.27134033203125
518,2,6.831505126953125
518,3,16.74102783203125
518,4,15.488143310546874
518,5,2.045926971435547
518,6,2.6820001220703125
518,7,15.39517822265625
518,8,1.9210238647460938
519,1,17.78961181640625
519,2,12.425792236328125
519,3,7.48757080078125
519,4,15.923245849609375
519,5,6.072413940429687
519,6,2.1752671813964843
519,7,2.9203228759765625
519,8,9.749166870117188
519,9,17.234290771484375
520,1,17.689814453125
520,2,8.185645141601562
520,3,7.58926025390625
520,4,10.014202880859376
520,5,15.036982421875
520,6,10.627427978515625
520,7,15.900531005859374
520,8,4.525699157714843
520,9,2.582747497558594
520,10,2.68764404296875
521,1,15.8302978515625
521,2,10.2058984375
521,3,6.994345092773438
521,4,3.3413238525390625
521,5,13.78375732421875
521,6,15.9258740234375
521,7,3.3089138793945314
521,8,1.4814851379394531
522,1,14.56104736328125
522,2,9.02674072265625
522,3,6.35720703125
522,4,13.8761083984375
522,5,9.370709838867187
522,6,14.784605712890626
522,7,1.0888457489013672
523,1,14.492120361328125
523,2,7.043292236328125
523,3,13.994398193359375
523,4,10.055751342773437
523,5,6.620361328125
523,6,14.0872412109375
523,7,7.419619140625
523,8,16.245216064453125
523,9,0.9122640991210937
524,1,14.316180419921874
524,2,6.819231567382812
524,3,13.719896240234375
524,4,8.093714599609376
524,5,9.1029052734375
524,6,4.044295654296875
524,7,1.286758575439453
525,1,15.010887451171875
525,2,6.928399658203125
525,3,13.559271240234375
525,4,14.84241943359375
525,5,5.082223815917969
525,6,9.803903198242187
525,7,16.466256103515626
525,8,1.5051454162597657
526,1,14.617235107421875
526,2,7.21388671875
526,3,14.348065185546876
526,4,4.879918212890625
526,5,10.967674560546875
526,6,16.538504638671874
526,7,1.8661013793945314
527,1,14.751256103515624
527,2,12.102041015625
527,3,16.176944580078125
527,4,7.000419311523437
527,5,4.446861877441406
527,6,4.383199768066406
527,7,2.0691224670410158
528,1,15.978082275390625
528,2,14.346123046875
528,3,7.3556201171875
528,4,2.553644104003906
528,5,13.200052490234375
528,6,9.385198974609375
528,7,6.446026611328125
528,8,5.561109619140625
528,9,13.966058349609375
528,10,14.126773681640625
529,1,15.03887451171875
529,2,13.952626953125
529,3,8.163360595703125
529,4,14.016610107421876
529,5,2.6422134399414063
529,6,14.910023193359375
529,7,13.740771484375
529,8,7.033274536132812
529,9,5.41432373046875
529,10,8.4574462890625
530,1,14.117059326171875
530,2,2.2425379943847656
530,3,13.88376220703125
530,4,13.086038818359375
530,5,13.618240966796876
530,6,4.945840454101562
530,7,3.0947299194335938
531,1,14.03658935546875
531,2,1.980288543701172
531,3,14.72477783203125
531,4,8.683994750976563
531,5,4.478085327148437
531,6,1.4350314331054688
531,7,12.99406494140625
532,1,14.113935546875
532,2,1.5727169799804688
532,3,14.533653564453125
532,4,7.078203735351562
532,5,13.1766943359375
532,6,4.452237243652344
532,7,13.677381591796875
532,8,2.953139343261719
532,9,13.26603515625
532,10,1.3398487854003907
533,1,13.689150390625
533,2,14.272308349609375
533,3,14.83191162109375
533,4,3.699039306640625
533,5,9.960419311523438
533,6,15.792364501953125
534,1,14.306083984375
534,2,13.753623046875
534,3,12.963814697265626
534,4,3.6184710693359374
534,5,14.80478515625
534,6,16.22666748046875
535,1,14.826712646484374
535,2,13.7649365234375
535,3,3.8825106811523438
535,4,10.7413671875
536,1,14.629774169921875
536,2,6.7589654541015625
536,3,6.718903198242187
536,4,11.120816650390625
536,5,12.8994921875
536,6,15.02254150390625
537,1,14.467733154296875
537,2,14.16589111328125
537,3,12.978343505859375
537,4,6.6450347900390625
537,5,3.585213317871094
538,1,14.591358642578125
538,2,15.254505615234375
538,3,12.968223876953125
538,4,6.704392700195313
538,5,5.032434387207031
539,1,13.6183056640625
539,2,7.406411743164062
539,3,14.60281005859375
539,4,13.64493896484375
539,5,4.317550964355469
540,1,7.8846893310546875
540,2,14.056549072265625
540,3,8.123261108398438
540,4,2.960506591796875
540,5,12.03014404296875
541,1,7.98556640625
541,2,13.798597412109375
541,3,14.4811865234375
541,4,13.053812255859375
541,5,11.74988037109375
541,6,7.885867309570313
542,1,12.91781494140625
542,2,13.60805419921875
542,3,12.406163330078124
542,4,13.73130859375
542,5,13.55470703125
542,6,10.707305908203125
543,1,12.303948974609375
543,2,14.675272216796875
543,3,12.130919189453126
543,4,14.666729736328126
543,5,14.043546142578125
544,1,11.2436083984375
544,2,15.143612060546875
544,3,13.9212451171875
544,4,11.92888671875
544,5,15.65343505859375
545,1,15.327987060546874
545,2,9.689312744140626
545,3,11.958135986328125
545,4,11.4501953125
545,5,14.484755859375
546,1,11.7199462890625
546,2,15.154981689453125
546,3,12.651539306640625
546,4,12.810843505859374
547,1,11.009822998046875
547,2,14.68915283203125
547,3,14.344271240234375
547,4,12.9891796875
548,1,9.304779663085938
548,2,13.405455322265626
548,3,13.82019287109375
549,1,12.970101318359376
549,2,10.862415771484375
549,3,13.08946044921875
549,4,13.28169189453125
550,1,13.20349853515625
550,2,12.169649658203125
550,3,12.63177734375
551,1,12.49851806640625
551,2,14.0531982421875
551,3,12.691435546875
551,4,14.719825439453125
552,1,13.08875244140625
552,2,13.9917041015625
552,3,13.390235595703125
552,4,10.38150634765625
552,5,3.616111145019531
553,1,13.269105224609374
553,2,13.666539306640624
553,3,11.4914697265625
554,1,12.988028564453124
554,2,10.202653198242187
554,3,7.336720581054688
555,1,12.9599169921875
555,2,9.186573486328125
555,3,9.322349853515625
556,1,12.85578857421875
556,2,9.302645874023437
556,3,9.690556640625
557,1,13.176865234375
557,2,6.856251220703125
558,1,13.33112548828125
558,2,6.583357543945312
558,3,11.87003173828125
558,4,11.40084228515625
559,1,14.800992431640625
559,2,7.878698120117187
560,1,8.474340209960937
560,2,14.942747802734376
560,3,7.162525024414062
561,1,15.320205078125
561,2,7.961810302734375
561,3,9.166990966796876
561,4,8.555735473632813
562,1,8.34488037109375
562,2,15.552237548828124
562,3,8.636672973632812
562,4,9.921881713867187
562,5,6.399549560546875
563,1,10.9585595703125
563,2,15.04203369140625
563,3,7.879853515625
563,4,7.230069580078125
564,1,10.150990600585937
564,2,14.5170703125
564,3,8.6535400390625
565,1,10.362259521484376
565,2,8.733703002929687
565,3,14.380159912109375
565,4,2.5739031982421876
566,1,8.851458129882813
566,2,7.308802490234375
566,3,14.1079052734375
566,4,12.503568115234375
566,5,3.6519818115234375
567,1,14.382515869140626
567,2,3.2842391967773437
567,3,14.292283935546875
567,4,9.382670288085938
568,1,3.0142864990234375
568,2,14.350699462890624
568,3,9.866050415039062
568,4,14.782567138671874
568,5,13.06764404296875
568,6,8.755801391601562
569,1,9.3494189453125
569,2,9.459984130859375
570,1,6.3529443359375
570,2,14.95206787109375
570,3,12.833076171875
571,1,6.357930297851563
571,2,15.046956787109375
572,1,15.6037890625
573,1,15.247275390625
573,2,2.18714599609375
573,3,1.1567965698242189
573,4,4.369902648925781
574,1,16.03216064453125
574,2,3.9987677001953124
575,1,14.25023193359375
577,1,2.4744837951660155
579,1,2.9884906005859375
580,1,3.4054275512695313
580,2,4.729712219238281
581,1,6.403177490234375
581,2,7.807481689453125
583,1,8.352361450195312
583,2,13.783077392578125
584,1,13.5080322265625
584,2,12.6993310546875
585,1,13.9620751953125
585,2,4.296008911132812
586,1,12.6658740234375
586,2,8.974298095703125
587,1,12.813125
587,2,9.201644287109374
588,1,7.383970947265625
590,1,14.056220703125
590,2,14.205433349609375
591,1,10.137371826171876
591,2,15.391778564453125
591,3,2.917153015136719
592,1,10.1264111328125
592,2,15.71642822265625
592,3,10.935382080078124
592,4,0.9463533782958984
593,1,9.88422607421875
593,2,14.863741455078125
594,1,9.88504638671875
594,2,15.87532958984375
595,1,10.333006591796876
595,2,5.266741333007812
596,1,11.816005859375
596,2,10.049078369140625
596,3,2.5927328491210937
596,4,11.287713623046875
597,1,14.28390380859375
597,2,10.563701171875
597,3,5.085580444335937
597,4,17.86762939453125
598,1,13.142711181640625
598,2,10.65619384765625
598,3,16.4701513671875
598,4,6.2342376708984375
599,1,14.952972412109375
599,2,9.818164672851562
599,3,6.534803466796875
599,4,12.4952197265625
599,5,5.243529052734375
600,1,14.045745849609375
600,2,8.501292114257813
600,3,5.752244873046875
600,4,15.2098095703125
600,5,7.77161376953125
600,6,2.3550238037109374
600,7,13.14359619140625
601,1,3.964490966796875
601,2,14.0002978515625
601,3,8.928182373046875
601,4,8.279404907226562
601,5,13.060999755859376
602,1,13.7332275390625
602,2,8.936550903320313
602,3,3.3626333618164064
602,4,8.4256494140625
602,5,15.689732666015624
602,6,0.6078473663330078
603,1,15.572984619140625
603,2,11.9414453125
603,3,8.935382080078124
603,4,5.748073120117187
604,1,15.4025634765625
604,2,11.2304736328125
604,3,6.101435546875
605,1,15.5325
605,2,7.2915283203125
606,1,11.408240966796875
606,2,14.5074658203125
607,1,11.350218505859376
607,2,14.583922119140626
607,3,4.043819580078125
608,1,13.739239501953126
608,2,9.971875
608,3,3.648418273925781
608,4,8.155811767578125
609,1,16.128056640625
609,2,8.918878173828125
609,3,5.09207275390625
610,1,15.942044677734375
610,2,7.7440625
610,3,1.7122665405273438
610,4,14.97362548828125
610,5,4.660580444335937
610,6,10.9820947265625
611,1,9.4520166015625
611,2,7.700794067382812
611,3,3.882840881347656
611,4,16.287010498046875
612,1,6.526631469726563
612,2,3.0444061279296877
613,1,3.014288024902344
613,2,5.261971435546875
613,3,15.851094970703125
614,1,15.082430419921875
614,2,10.6576318359375
614,3,4.721615295410157
615,1,15.755882568359375
615,2,10.97897705078125
615,3,12.901126708984375
615,4,2.698952941894531
615,5,9.531411743164062
616,1,11.588753662109376
616,2,15.09893798828125
616,3,4.030146789550781
616,4,12.5097314453125
617,1,16.091207275390627
617,2,5.30761962890625
617,3,15.452965087890625
617,4,8.365083618164062
617,5,4.741330871582031
617,6,4.128537292480469
618,1,6.443084716796875
618,2,15.553944091796875
618,3,10.837333984375
618,4,5.830082397460938
618,5,3.685849304199219
619,1,7.063723754882813
619,2,14.90626953125
619,3,9.995665283203126
619,4,13.441236572265625
619,5,5.761981201171875
619,6,4.907047729492188
620,1,9.504046630859374
620,2,12.230390625
620,3,5.8677001953125
621,1,5.4449090576171875
621,2,11.393175048828125
621,3,3.579498596191406
621,4,4.836270751953125
622,1,13.14841064453125
622,2,5.914376831054687
622,3,3.8869448852539064
622,4,7.179553833007812
622,5,12.235155029296875
622,6,1.4782958984375
622,7,5.8233575439453125
623,1,13.932200927734375
623,2,8.34479248046875
623,3,11.312247314453124
623,4,6.840699462890625
624,1,13.970191650390625
624,2,7.699166870117187
624,3,1.4539176940917968
624,4,11.427462158203125
624,5,7.013199462890625
624,6,12.350791015625
624,7,2.0354937744140624
625,1,13.739176025390625
625,2,7.404161987304687
625,3,6.636906127929688
625,4,11.361749267578125
625,5,1.7264692687988281
625,6,7.208760986328125
625,7,10.244488525390626
626,1,10.64714599609375
626,2,10.8258056640625
626,3,9.116886596679688
626,4,6.6215447998046875
626,5,11.36405517578125
627,1,12.170467529296875
627,2,8.66290771484375
627,3,6.893433837890625
627,4,11.161658935546875
627,5,11.557412109375
627,6,6.194061889648437
627,7,5.818355102539062
628,1,13.009561767578125
628,2,6.980013427734375
628,3,7.737050170898438
628,4,10.901343994140625
628,5,10.15840576171875
628,6,4.041292724609375
629,1,6.278027954101563
629,2,9.879351196289063
629,3,13.04129638671875
629,4,10.804747314453126
629,5,10.180398559570312
629,6,3.691109313964844
630,1,10.160599365234376
630,2,3.2137716674804686
630,3,9.963724365234375
630,4,11.4082861328125
630,5,14.8261669921875
631,1,9.993925170898438
631,2,11.176854248046874
632,1,3.2475814819335938
632,2,9.767393188476563
633,1,2.9431304931640625
633,2,10.49514404296875
633,3,1.2988087463378906
634,1,11.240709228515625
634,2,3.11326171875
634,3,8.8768408203125
635,1,3.9845947265625
635,2,10.4219775390625
635,3,2.4213607788085936
635,4,9.192988891601562
636,1,11.50243408203125
636,2,11.659365234375
636,3,11.101932373046875
636,4,10.49508056640625
636,5,3.927535095214844
636,6,4.04478515625
637,1,11.09526123046875
637,2,10.75222412109375
637,3,11.966868896484375
637,4,4.549015197753906
637,5,4.212471008300781
637,6,11.801497802734374
637,7,2.5881076049804688
637,8,1.090520477294922
638,1,10.022608032226563
638,2,11.599365234375
638,3,12.875838623046874
638,4,3.1013372802734374
638,5,13.2259521484375
639,1,8.16531982421875
639,2,10.039697875976563
639,3,3.6747927856445313
639,4,12.68290283203125
640,1,9.318903198242188
640,2,8.52262939453125
640,3,1.7455438232421876
640,4,2.442335968017578
640,5,3.5558990478515624
641,1,2.996168518066406
641,2,12.765775146484375
641,3,3.2783383178710936
641,4,3.2843914794921876
641,5,2.628336181640625
642,1,3.1797235107421873
642,2,11.310213623046875
642,3,8.974569091796875
643,1,3.557154235839844
643,2,11.4620703125
643,3,9.346870727539063
643,4,2.6025711059570313
644,1,10.198673706054688
644,2,5.592000732421875
644,3,10.8118505859375
644,4,2.3369479370117188
645,1,2.2374911499023438
645,2,11.658707275390626
645,3,3.018815612792969
645,4,4.460154724121094
646,1,2.557592315673828
646,2,9.224680786132813
647,1,4.227026672363281
647,2,2.4771488952636718
647,3,8.192809448242187
647,4,3.347109069824219
648,1,8.063899536132812
648,2,7.176578369140625
648,3,4.204557495117188
648,4,7.9721746826171875
648,5,0.6004348373413086
648,6,14.57751220703125
649,1,7.299221801757812
649,2,5.376514892578125
649,3,7.2970849609375
649,4,8.424983520507812
649,5,14.32108642578125
649,6,0.3488428497314453
649,7,5.418488159179687
649,8,6.117429809570313
650,1,6.35907470703125
650,2,7.9110400390625
650,3,1.4426324462890625
650,4,5.072474670410156
650,5,14.465743408203124
651,1,7.245536499023437
651,2,9.924429931640624
651,3,1.2119591522216797
651,4,2.376068420410156
651,5,5.562208251953125
651,6,4.825275573730469
652,1,7.095258178710938
652,2,8.772697143554687
652,3,1.6034445190429687
653,1,7.465657958984375
653,2,9.905591430664062
653,3,1.4490615844726562
653,4,16.9537646484375
653,5,3.4574929809570314
654,1,9.201669921875
654,2,6.88906494140625
654,3,2.8036895751953126
654,4,16.38048095703125
654,5,9.244650268554688
655,1,9.470403442382812
655,2,2.7130557250976564
655,3,9.713399047851562
655,4,3.1234246826171876
655,5,5.484944458007813
656,1,7.19565673828125
656,2,9.447261962890625
656,3,6.951842041015625
656,4,3.01335693359375
657,1,11.719036865234376
657,2,8.536698608398437
657,3,14.246583251953124
657,4,5.62314697265625
657,5,3.4849072265625
657,6,6.737391967773437
658,1,7.488531494140625
658,2,9.22885009765625
658,3,4.894312744140625
658,4,3.11329345703125
658,5,13.20104248046875
659,1,4.115962524414062
659,2,9.979884643554687
659,3,7.294058227539063
660,1,11.877357177734375
660,2,12.472923583984375
660,3,3.805276184082031
660,4,10.514327392578124
661,1,12.37036865234375
661,2,5.006962890625
661,3,10.55744873046875
662,1,10.538763427734375
662,2,8.709432983398438
662,3,4.935326232910156
663,1,10.220610961914062
663,2,9.008001708984375
663,3,11.762777099609375
664,1,10.60764404296875
664,2,11.234224853515625
665,1,8.531914672851563
665,2,11.10615478515625
665,3,10.326494140625
666,1,13.44110595703125
666,2,10.241531982421876
667,1,10.215689086914063
667,2,13.248536376953124
668,1,7.886171875
668,2,12.67969482421875
668,3,13.698936767578125
668,4,5.921824951171875
669,1,3.8210580444335935
671,1,6.170121459960938
672,1,4.1980322265625
673,1,1.9172232055664062
675,1,1.222109603881836
676,1,6.680538330078125
676,2,2.858868408203125
676,3,4.679290161132813
677,1,9.033383178710938
677,2,10.993406982421876
677,3,6.524852905273438
677,4,8.65047119140625
677,5,5.230960693359375
678,1,6.884071044921875
679,1,10.806884765625
680,1,5.685927734375
681,1,4.932333984375
682,1,4.963629150390625
683,1,4.646281127929687
684,1,4.505592651367188
685,1,2.9163583374023436
686,1,5.116421203613282
686,2,10.269130859375
686,3,11.017373046875
687,1,4.693157348632813
687,2,8.921092529296875
687,3,5.806849365234375
687,4,4.544290466308594
687,5,13.524967041015625
687,6,9.45405517578125
688,1,7.01534423828125
688,2,4.233796997070312
688,3,11.99326416015625
688,4,6.154860229492187
688,5,4.940665893554687
689,1,4.831637573242188
689,2,9.751466064453124
689,3,7.053768310546875
690,1,13.318109130859375
690,2,7.020548706054687
690,3,13.11690185546875
690,4,3.0586813354492186
690,5,12.62501953125
691,1,12.151455078125
691,2,13.106048583984375
691,3,4.397457580566407
691,4,4.42117431640625
691,5,7.829732055664063
692,1,7.987283935546875
692,2,8.750114135742187
692,3,4.988110961914063
692,4,13.043040771484375
692,5,0.319635181427002
692,6,12.44333740234375
692,7,2.3607638549804686
693,1,7.55804931640625
693,2,12.35980224609375
693,3,6.458907470703125
694,1,10.00982421875
694,2,7.07231201171875
694,3,9.429854125976563
694,4,12.416331787109375
695,1,7.770054931640625
695,2,5.5858917236328125
695,3,9.983187255859375
695,4,10.400833740234376
696,1,8.870785522460938
696,2,13.90925048828125
696,3,9.605676879882813
696,4,12.525853271484374
696,5,8.536862182617188
696,6,12.899344482421874
696,7,4.017185668945313
697,1,13.905830078125
697,2,12.31715576171875
697,3,12.562998046875
697,4,11.5664990234375
697,5,5.607861328125
697,6,9.922447509765625
697,7,7.695697021484375
697,8,9.485634155273438
697,9,4.008630065917969
698,1,9.619475708007812
698,2,12.184830322265626
698,3,13.54808349609375
698,4,10.689844970703126
699,1,12.1214404296875
699,2,13.021688232421875
699,3,6.321032104492187
699,4,13.246085205078124
699,5,14.580880126953126
699,6,2.298813781738281
699,7,13.064986572265624
700,1,12.185906982421875
700,2,10.95783935546875
700,3,2.3410943603515624
700,4,9.933145751953125
700,5,13.010086669921876
700,6,3.9089181518554685
701,1,12.057857666015625
701,2,13.274407958984375
701,3,6.48935302734375
701,4,1.8980809020996094
702,1,11.24285400390625
702,2,13.291337890625
702,3,5.683475952148438
702,4,3.746817626953125
702,5,6.891099243164063
703,1,5.460477905273438
703,2,10.6459619140625
703,3,12.908404541015624
703,4,5.433323974609375
703,5,2.8511224365234376
704,1,5.23379150390625
704,2,10.5519873046875
704,3,7.20651123046875
704,4,5.105595703125
704,5,8.49652587890625
704,6,3.88844970703125
704,7,3.1843585205078124
704,8,2.44929443359375
705,1,2.0830787658691405
705,2,8.617146606445312
705,3,10.51017578125
705,4,6.81124267578125
706,1,3.2966909790039063
706,2,10.564383544921874
706,3,9.80597412109375
706,4,11.935263671875
706,5,9.66334716796875
706,6,4.4592501831054685
707,1,1.0110592651367187
707,2,0.5567581939697266
708,1,8.424241943359375
708,2,9.822261962890625
708,3,8.38037841796875
708,4,11.199140625
709,1,11.058299560546875
709,2,8.955083618164062
709,3,12.791846923828125
709,4,9.99694580078125
710,1,5.169984741210937
710,2,3.3289056396484376
710,3,11.17975830078125
710,4,9.663237915039062
711,1,4.293499755859375
711,2,7.17926025390625
711,3,8.914632568359375
711,4,0.8542478179931641
711,5,11.551881103515624
711,6,10.66083740234375
712,1,9.639519653320313
712,2,2.936484680175781
712,3,3.858121643066406
712,4,7.590794067382813
712,5,2.7493685913085937
712,6,10.065540161132812
713,1,9.826845703125
713,2,11.128817138671875
713,3,9.0659375
713,4,3.8173052978515627
714,1,9.81366943359375
714,2,12.542398681640625
714,3,4.4562548828125
715,1,9.09478759765625
715,2,13.8381689453125
715,3,5.173770141601563
715,4,3.923143005371094
715,5,8.524525756835937
716,1,8.238748168945312
716,2,14.831075439453125
716,3,3.565049133300781
716,4,10.040591430664062
716,5,1.9856967163085937
717,1,5.170541381835937
717,2,15.689951171875
717,3,3.6235781860351564
718,1,3.844757080078125
718,2,15.898736572265625
718,3,15.936866455078125
719,1,5.63103271484375
719,2,13.3166064453125
719,3,11.17211181640625
719,4,5.838001098632812
720,1,15.595267333984374
720,2,15.463438720703126
720,3,5.78487548828125
720,4,6.03685546875
721,1,1.803905029296875
721,2,6.11401123046875
721,3,3.3969955444335938
722,1,3.8687982177734375
722,2,7.36314697265625
722,3,1.660110321044922
722,4,3.038606872558594
722,5,8.504855346679687
723,1,3.1503329467773438
723,2,4.39219970703125
723,3,1.6664288330078125
724,1,3.0052685546875
724,2,8.018272094726562
724,3,3.66737548828125
725,1,7.161892700195312
725,2,7.941795043945312
725,3,5.494115600585937
726,1,2.1321240234375
727,1,2.9351226806640627
727,2,5.9619921875
728,1,6.312831420898437
729,1,14.946376953125
729,2,5.434972534179687
730,1,14.733402099609375
731,1,15.947646484375
731,2,5.238973999023438
731,3,11.0631298828125
731,4,11.39833740234375
731,5,10.568824462890625
731,6,10.532470703125
732,1,14.711937255859375
732,2,6.20909423828125
732,3,9.541132202148438
732,4,4.8167727661132815
732,5,9.502424926757813
733,1,4.961479187011719
733,2,9.427984008789062
733,3,7.371744384765625
733,4,9.870136108398437
733,5,9.624915161132812
733,6,13.9984814453125
733,7,1.9275733947753906
734,1,11.0720654296875
734,2,2.94384521484375
734,3,5.22380615234375
734,4,6.59998291015625
734,5,9.731045532226563
734,6,10.054907836914062
734,7,12.948526611328125
734,8,10.349486083984376
735,1,12.609385986328125
735,2,12.5217626953125
735,3,10.27128173828125
735,4,1.4352909851074218
735,5,7.192517700195313
735,6,5.101365966796875
736,1,12.066463623046875
736,2,3.3742715454101564
736,3,9.910422973632812
736,4,1.1286949157714843
736,5,10.132688598632813
737,1,9.2469189453125
737,2,6.491988525390625
737,3,13.069739990234375
737,4,1.0490008544921876
738,1,5.414959106445313
738,2,11.97112060546875
738,3,8.888873901367187
738,4,7.964699096679688
739,1,10.007926635742187
740,1,13.247254638671874
740,2,4.052431030273437
740,3,3.3917559814453124
740,4,11.050711669921874
740,5,2.2928042602539063
741,1,9.158997802734374
741,2,13.26418212890625
741,3,5.637548828125
742,1,9.650156860351563
742,2,7.378885498046875
742,3,7.982322387695312
742,4,3.7484451293945313
743,1,4.266751098632812
743,2,10.626748046875
744,1,10.7716064453125
744,2,9.97327392578125
744,3,4.300181274414062
745,1,10.93433837890625
745,2,9.715961303710937
745,3,13.601075439453124
746,1,10.411072998046874
747,1,8.613452758789062
747,2,14.9575537109375
748,1,8.779414672851562
748,2,15.07075927734375
749,1,8.819752197265625
749,2,4.14998291015625
749,3,2.0714755249023438
750,1,4.597638549804688
750,2,11.28461669921875
752,1,13.51508056640625
752,2,11.627099609375
752,3,8.058103637695313
753,1,5.396348266601563
753,2,5.603394165039062
753,3,13.82617431640625
754,1,5.430767211914063
754,2,5.6991650390625
754,3,1.8122909545898438
754,4,6.585655517578125
754,5,11.9505517578125
755,1,1.224552459716797
755,2,5.91794677734375
755,3,9.427966918945312
755,4,8.266873779296875
755,5,14.48571044921875
755,6,7.101409912109375
755,7,7.03599853515625
755,8,4.765894775390625
755,9,7.5419989013671875
756,1,5.4880078125
756,2,5.762879638671875
756,3,7.917566528320313
756,4,7.143076171875
756,5,2.7170474243164064
756,6,14.14265625
756,7,3.617026672363281
757,1,7.265872192382813
757,2,6.603892822265625
757,3,7.634063110351563
757,4,8.263086547851563
757,5,5.582847900390625
757,6,4.332248840332031
757,7,3.176976623535156
758,1,8.801681518554688
758,2,8.230634765625
758,3,2.1560951232910157
758,4,4.495635986328125
758,5,8.4260205078125
759,1,5.650052490234375
759,2,8.916331176757813
759,3,4.573900756835937
759,4,12.938616943359374
759,5,14.15288330078125
759,6,3.3806777954101563
759,7,9.839972534179687
760,1,7.076610717773438
760,2,8.654969482421874
760,3,4.9799630737304685
760,4,13.4481298828125
760,5,13.282122802734374
760,6,9.684656982421876
760,7,4.511574401855468
761,1,4.860370483398437
761,2,7.0834619140625
761,3,13.465423583984375
761,4,4.363886108398438
761,5,6.820487060546875
761,6,6.186651611328125
761,7,9.444127807617187
761,8,5.779534912109375
762,1,15.76949951171875
762,2,6.129404296875
762,3,7.956212768554687
762,4,4.728122863769531
762,5,3.90491943359375
763,1,6.307619018554687
763,2,15.66270263671875
763,3,8.880428466796875
763,4,0.2798332405090332
763,5,2.7826092529296873
764,1,14.5303076171875
764,2,6.065093994140625
764,3,14.293040771484375
764,4,2.125785369873047
764,5,3.031263732910156
764,6,2.330269775390625
764,7,9.171092529296875
764,8,3.424674377441406
764,9,8.962664794921874
765,1,14.55926025390625
765,2,11.030191650390625
765,3,5.835404663085938
765,4,7.551475219726562
765,5,13.7499658203125
765,6,5.350596923828125
765,7,2.5633404541015623
765,8,8.26259521484375
766,1,12.026416015625
766,2,14.52396240234375
766,3,6.190797119140625
766,4,7.045609741210938
766,5,3.1116238403320313
766,6,8.436611328125
766,7,5.401023559570312
767,1,11.84759521484375
767,2,13.64220458984375
767,3,1.1637763214111327
767,4,14.198887939453124
767,5,8.966224365234375
767,6,6.157068481445313
767,7,5.655172119140625
767,8,9.283377685546874
767,9,6.224071044921875
767,10,14.112513427734376
768,1,11.70847900390625
768,2,12.86678466796875
768,3,8.412616577148437
768,4,6.373863525390625
768,5,1.413487548828125
768,6,12.017149658203126
768,7,3.0210202026367186
769,1,11.053258056640624
769,2,12.794774169921874
769,3,7.022660522460938
769,4,11.9243310546875
769,5,3.662552795410156
769,6,10.3135986328125
769,7,1.3372589111328126
769,8,10.513521728515625
770,1,12.2128564453125
770,2,0.984876708984375
770,3,3.57512451171875
770,4,11.848724365234375
770,5,3.4370211791992187
770,6,9.960381469726563
770,7,3.054647216796875
770,8,3.530121154785156
770,9,5.322191162109375
771,1,5.066344299316406
771,2,10.968603515625
771,3,5.887144165039063
771,4,5.1008126831054685
771,5,14.15225341796875
771,6,11.15158935546875
771,7,1.8192723083496094
771,8,7.159776611328125
772,1,10.464376220703125
772,2,4.530386047363281
772,3,8.536544799804688
772,4,14.4991259765625
772,5,5.391693115234375
773,1,14.757279052734376
773,2,9.624868774414063
773,3,11.271685791015624
773,4,2.137562561035156
773,5,5.378778076171875
773,6,15.94276611328125
773,7,6.089371337890625
773,8,12.093416748046875
773,9,0.296174144744873
773,10,1.8088246154785157
773,11,5.40747314453125
774,1,3.820828857421875
774,2,12.629136962890625
774,3,3.2244561767578124
774,4,11.26789794921875
774,5,15.233883056640625
774,6,0.6472988128662109
774,7,2.3418711853027343
774,8,5.051058044433594
775,1,12.566236572265625
775,2,1.1283890533447265
775,3,1.4132557678222657
775,4,11.871822509765625
775,5,5.847047729492187
775,6,14.77941162109375
775,7,12.750831298828125
775,8,1.097631607055664
776,1,12.882088623046876
776,2,6.891566162109375
776,3,3.1550860595703125
776,4,3.0506771850585936
776,5,11.20208740234375
776,6,5.036947631835938
776,7,10.464727783203125
776,8,7.317806396484375
776,9,7.761177368164063
777,1,10.428250732421875
777,2,12.770921630859375
777,3,3.7131942749023437
777,4,5.20843994140625
777,5,11.858211669921875
777,6,4.37890625
777,7,14.43907470703125
777,8,6.779393920898437
777,9,4.0785739135742185
777,10,4.598980407714844
778,1,12.75559814453125
778,2,11.9429833984375
778,3,3.870542297363281
778,4,1.1164563751220704
778,5,14.363123779296876
778,6,14.710897216796875
778,7,4.452806091308593
778,8,10.629168701171874
778,9,5.264189453125
778,10,7.3016424560546875
778,11,5.5333544921875
778,12,14.028115234375
779,1,12.777576904296875
779,2,13.695958251953124
779,3,10.258521728515625
779,4,12.54939697265625
779,5,11.6192529296875
779,6,6.219187622070312
779,7,5.463374633789062
779,8,3.3912252807617187
779,9,7.102211303710938
780,1,12.5481591796875
780,2,10.891385498046875
780,3,6.8670721435546875
781,1,11.397679443359374
781,2,10.775518798828125
781,3,8.063370361328126
781,4,2.541177978515625
781,5,7.362642822265625
782,1,11.035399169921876
782,2,10.602734375
782,3,10.58144287109375
782,4,9.3276416015625
782,5,13.4433837890625
783,1,12.262093505859376
783,2,4.82013427734375
783,3,11.81680908203125
783,4,1.6168414306640626
783,5,8.8308740234375
784,1,12.202406005859375
784,2,13.409749755859375
784,3,4.968885498046875
784,4,5.134852294921875
784,5,1.2320050811767578
784,6,6.1601220703125
785,1,13.688985595703125
785,2,4.966013488769531
785,3,4.3744091796875
786,1,6.112510986328125
786,2,11.2670654296875
786,3,3.99927978515625
786,4,11.947838134765625
786,5,10.782672119140624
787,1,10.024755859375
787,2,4.139537963867188
787,3,4.7235720825195315
787,4,10.014737548828125
787,5,11.218167724609375
787,6,8.623598022460937
788,1,4.085502319335937
788,2,4.605130004882812
788,3,5.032738037109375
788,4,15.56486328125
788,5,10.350169677734375
788,6,3.2621746826171876
788,7,1.5662290954589844
789,1,4.628306274414062
789,2,4.505281372070312
789,3,10.77185546875
789,4,11.026937255859375
789,5,2.869237060546875
789,6,10.114555053710937
789,7,10.04267578125
790,1,9.505001831054688
790,2,16.807821044921877
790,3,5.657576293945312
790,4,4.000234375
790,5,8.30603271484375
790,6,2.261818389892578
790,7,2.2512469482421875
790,8,5.715453491210938
791,1,12.319385986328125
791,2,2.24695068359375
791,3,5.739466552734375
791,4,5.15726318359375
791,5,12.87511474609375
791,6,4.222723388671875
791,7,9.529450073242188
792,1,5.101307067871094
792,2,5.05534423828125
792,3,2.5155654907226563
792,4,8.469093627929688
792,5,13.8651220703125
792,6,4.761465148925781
792,7,5.395925903320313
793,1,4.234701538085938
793,2,4.274386291503906
793,3,2.4477024841308594
793,4,13.493563232421875
793,5,5.13423583984375
793,6,5.786787719726562
793,7,14.23814208984375
794,1,3.277476501464844
794,2,2.760687255859375
794,3,15.4972412109375
795,1,7.609235229492188
795,2,13.386551513671876
795,3,15.820267333984376
795,4,3.5373294067382814
796,1,3.5554449462890627
796,2,15.600675048828125
796,3,3.235506591796875
796,4,14.802349853515626
797,1,12.485335693359374
797,2,10.9831005859375
797,3,17.381939697265626
797,4,6.899085693359375
798,1,12.496673583984375
798,2,15.584139404296875
798,3,14.5114404296875
798,4,4.622276306152344
798,5,3.9468008422851564
798,6,1.2781531524658203
798,7,15.56320068359375
798,8,9.342864990234375
799,1,3.4406634521484376
799,2,6.395969848632813
799,3,14.117158203125
799,4,1.934793701171875
799,5,2.6174267578125
800,1,5.498052368164062
800,2,5.2722100830078125
800,3,1.8267083740234376
800,4,5.31606689453125
801,1,14.51497314453125
801,2,4.545530700683594
801,3,10.937430419921874
802,1,14.851717529296875
802,2,4.2939208984375
802,3,12.204024658203124
802,4,12.056627197265625
803,1,14.38123779296875
803,2,12.250494384765625
803,3,8.203407592773438
803,4,11.4634521484375
803,5,12.542139892578126
804,1,15.2758642578125
804,2,7.99717041015625
804,3,14.569755859375
805,1,15.344024658203125
805,2,7.904925537109375
805,3,14.6154931640625
806,1,15.518995361328125
806,2,9.352518310546875
806,3,14.326546630859376
807,1,10.280546875
807,2,15.613870849609375
808,1,10.401292724609375
808,2,15.301181640625
808,3,4.380760192871094
809,1,10.335843505859375
809,2,15.360235595703125
809,3,2.83068359375
810,1,10.77106689453125
810,2,15.67303466796875
811,1,10.745126953125
811,2,15.72809326171875
811,3,6.924629516601563
812,1,10.722276611328125
812,2,15.921895751953125
812,3,5.922291259765625
813,1,10.32582763671875
813,2,15.329239501953126
813,3,5.832719116210938
813,4,4.12986328125
813,5,3.3741891479492185
813,6,14.37836669921875
814,1,10.532139892578124
814,2,15.268358154296875
814,3,4.8355105590820315
814,4,7.465167236328125
814,5,4.204097900390625
815,1,10.57389404296875
815,2,7.743555908203125
815,3,13.462252197265625
815,4,5.687144775390625
816,1,5.745121459960938
816,2,11.511845703125
816,3,8.330077514648437
816,4,7.750673828125
817,1,12.001607666015625
817,2,6.891286010742188
817,3,8.766966552734376
818,1,6.98031494140625
818,2,7.686189575195312
818,3,14.712237548828124
818,4,5.11525634765625
819,1,10.998643798828125
819,2,2.7224114990234374
819,3,9.191803588867188
819,4,6.880196533203125
819,5,8.414259643554688
819,6,5.060010986328125
820,1,10.500452880859376
820,2,5.462022094726563
820,3,8.642819213867188
820,4,9.368388061523438
820,5,7.50522216796875
820,6,6.379537963867188
821,1,10.66525390625
821,2,6.376550903320313
821,3,6.1639166259765625
821,4,9.735969848632813
821,5,14.910721435546876
821,6,6.60515869140625
821,7,13.5151904296875
822,1,11.218243408203126
822,2,6.966331176757812
822,3,9.863696899414062
822,4,14.97628173828125
822,5,8.168021240234374
822,6,14.36752197265625
822,7,4.86697998046875
823,1,10.8087548828125
823,2,9.706821899414063
823,3,9.797499389648438
823,4,7.858869018554688
823,5,13.45763671875
823,6,14.957703857421874
824,1,10.6181640625
824,2,7.872574462890625
824,3,9.1963037109375
824,4,9.577001342773437
824,5,14.3740283203125
824,6,5.640675048828125
824,7,16.01174072265625
824,8,14.079296875
825,1,8.485916748046876
825,2,9.764042358398438
825,3,10.70469970703125
825,4,14.231827392578126
825,5,9.14870361328125
825,6,15.347763671875
825,7,14.483585205078125
826,1,8.4235693359375
826,2,14.151085205078125
826,3,10.5354248046875
826,4,10.847711181640625
826,5,9.990140380859375
826,6,14.386409912109375
827,1,7.89540283203125
827,2,10.181486206054688
827,3,8.492387084960937
827,4,10.63552490234375
827,5,14.326185302734375
827,6,4.124791259765625
827,7,2.5867724609375
828,1,7.7620947265625
828,2,11.40607666015625
828,3,8.650248413085938
828,4,14.340726318359375
828,5,13.954566650390625
828,6,1.249637680053711
828,7,12.152777099609375
828,8,7.725325927734375
829,1,7.772932739257812
829,2,11.740313720703124
829,3,8.3274951171875
829,4,15.41458251953125
829,5,13.8975439453125
829,6,8.060650024414063
830,1,8.018906860351562
830,2,10.8128759765625
830,3,10.25559326171875
830,4,7.048170776367187
830,5,14.27668212890625
830,6,16.934349365234375
831,1,7.538902587890625
831,2,11.172730712890624
831,3,11.9419775390625
831,4,5.0320956420898435
831,5,14.199501953125
831,6,15.22971923828125
832,1,5.396173706054688
832,2,11.15603271484375
832,3,7.417706909179688
832,4,8.179921875
832,5,14.198099365234375
832,6,14.79383056640625
832,7,14.87582275390625
833,1,4.961712646484375
833,2,12.74136474609375
833,3,11.81959228515625
833,4,12.366043701171876
833,5,8.063500366210938
833,6,14.65781494140625
833,7,14.818543701171874
833,8,6.169777221679688
833,9,4.099901733398437
834,1,11.862010498046875
834,2,2.5776055908203124
834,3,7.51533935546875
834,4,11.16819091796875
834,5,6.09725341796875
834,6,5.984261474609375
834,7,12.894677734375
835,1,13.17786865234375
835,2,3.0838006591796874
835,3,9.806919555664063
835,4,7.763001098632812
835,5,6.588966064453125
835,6,4.61951171875
836,1,4.966939697265625
836,2,13.074541015625
836,3,7.88768310546875
836,4,6.261695556640625
836,5,7.97184326171875
836,6,10.000941772460937
836,7,9.67478759765625
837,1,7.00768798828125
837,2,13.90110595703125
837,3,5.560693359375
837,4,5.864380493164062
837,5,10.4048193359375
837,6,14.11713623046875
837,7,8.273181762695312
837,8,6.7586083984375
837,9,10.320650634765625
838,1,7.3161077880859375
838,2,11.80173828125
838,3,4.875890197753907
838,4,14.389664306640626
838,5,2.66742919921875
838,6,6.0509490966796875
838,7,8.602401123046874
838,8,12.667744140625
838,9,8.612817993164063
839,1,11.625040283203125
839,2,8.973135375976563
839,3,4.945646057128906
839,4,2.392477569580078
839,5,1.9576231384277343
839,6,6.445396728515625
839,7,11.808885498046875
839,8,14.945174560546874
839,9,2.705178527832031
840,1,8.77448486328125
840,2,11.179287109375
840,3,12.578795166015626
840,4,8.481859130859375
840,5,1.8734912109375
840,6,3.4062399291992187
840,7,2.1782716369628905
840,8,4.083680419921875
840,9,9.376599731445312
840,10,6.879395141601562
840,11,2.4527848815917968
840,12,14.342730712890624
840,13,6.827769165039062
841,1,10.093593139648437
841,2,10.72836181640625
841,3,13.347265625
841,4,9.530372924804688
841,5,3.4221615600585937
841,6,1.5905914306640625
841,7,4.697466735839844
841,8,3.9896817016601562
842,1,10.927913818359375
842,2,4.443797912597656
842,3,10.86400634765625
842,4,13.3195849609375
842,5,9.924114990234376
842,6,3.5766656494140623
842,7,6.468571166992188
843,1,10.587818603515625
843,2,12.906697998046875
843,3,9.971815795898438
843,4,10.14291748046875
843,5,1.8145765686035156
843,6,3.179298095703125
843,7,5.949257202148438
843,8,3.965018005371094
843,9,3.0658090209960935
843,10,8.827528076171875
844,1,10.261844482421875
844,2,13.436572265625
844,3,0.920643081665039
844,4,6.086835327148438
844,5,11.61887451171875
844,6,10.605264892578125
844,7,3.812480163574219
844,8,8.738462524414063
844,9,6.861742553710937
844,10,10.056566772460938
844,11,5.057977600097656
844,12,3.2654241943359374
845,1,13.174044189453125
845,2,7.215602416992187
845,3,10.471776123046874
845,4,7.258653564453125
845,5,10.338646240234375
845,6,7.121301879882813
845,7,9.2598779296875
845,8,8.591695556640625
845,9,14.003021240234375
845,10,3.472895202636719
845,11,10.4446728515625
846,1,11.745352783203124
846,2,1.4659817504882813
846,3,6.61347900390625
846,4,3.315228271484375
846,5,7.527493286132812
846,6,7.512821655273438
846,7,11.156146240234374
847,1,13.101492919921874
847,2,6.38639404296875
847,3,1.116708755493164
847,4,3.171490478515625
847,5,7.469442749023438
847,6,8.42214599609375
847,7,11.1777685546875
847,8,7.93796875
848,1,15.0498486328125
848,2,6.627281494140625
848,3,4.1851318359375
848,4,2.950775146484375
848,5,1.0788848876953125
848,6,8.38813232421875
848,7,11.29766845703125
848,8,9.760748291015625
849,1,4.087092590332031
849,2,15.621917724609375
849,3,7.279081420898438
849,4,2.8118475341796874
849,5,2.7331582641601564
849,6,10.89503662109375
849,7,9.4822607421875
849,8,8.207550659179688
849,9,11.151441650390625
850,1,6.290716552734375
850,2,15.207374267578125
850,3,3.0625958251953125
850,4,7.612535400390625
850,5,9.453072509765626
850,6,11.068271484375
850,7,6.377774658203125
850,8,8.318648681640624
851,1,13.96194091796875
851,2,12.33025390625
851,3,3.1546316528320313
851,4,8.944541015625
851,5,4.133140563964844
851,6,11.133695068359375
851,7,10.609779052734375
852,1,8.3240478515625
852,2,10.098306884765625
852,3,11.79036865234375
852,4,3.2342889404296873
852,5,15.246011962890625
852,6,11.297529296875
852,7,4.653380126953125
852,8,6.902684936523437
852,9,1.1935935974121095
853,1,9.822908935546875
853,2,11.369114990234374
853,3,7.968387451171875
853,4,11.476781005859374
853,5,15.577047119140625
853,6,15.902747802734375
853,7,3.7753359985351564
853,8,3.9880239868164065
854,1,11.3567138671875
854,2,10.4276318359375
854,3,6.098253173828125
854,4,13.943397216796875
854,5,7.207744140625
854,6,4.1896124267578125
855,1,10.311773681640625
855,2,11.31624755859375
855,3,6.078713989257812
855,4,6.915923461914063
855,5,10.90922607421875
855,6,11.657489013671874
855,7,3.4253085327148436
855,8,12.10958984375
856,1,11.412376708984375
856,2,11.33192626953125
856,3,8.17798583984375
856,4,11.186453857421874
856,5,6.961282958984375
856,6,10.355985107421875
856,7,2.287721862792969
856,8,11.903763427734376
857,1,11.251724853515626
857,2,9.57986083984375
857,3,5.440245361328125
857,4,6.956257934570313
857,5,12.3517138671875
857,6,10.004395141601563
858,1,11.353511962890625
858,2,11.14989013671875
858,3,6.916488037109375
858,4,8.788185424804688
859,1,11.357379150390624
859,2,11.109666748046875
859,3,6.386644287109375
859,4,8.65432861328125
859,5,5.822176513671875
859,6,10.6883447265625
859,7,11.81990234375
859,8,4.119828491210938
860,1,11.439764404296875
860,2,4.643072814941406
860,3,12.5607373046875
860,4,5.421961669921875
860,5,2.846602478027344
860,6,12.3344873046875
860,7,4.0193798828125
860,8,0.549134635925293
860,9,9.0604541015625
861,1,11.689991455078125
861,2,12.7542333984375
861,3,7.888104858398438
861,4,3.1206240844726563
861,5,0.9233573150634765
861,6,12.988402099609376
861,7,3.6680145263671875
862,1,11.5819287109375
862,2,13.3912060546875
862,3,8.407762451171875
862,4,4.411988220214844
862,5,1.6234512329101562
862,6,3.4275103759765626
862,7,1.9839837646484375
862,8,2.5723562622070313
862,9,13.46640625
862,10,5.47626220703125
862,11,3.1458868408203124
863,1,11.632274169921875
863,2,14.28933349609375
863,3,6.078057861328125
863,4,11.01779052734375
863,5,6.36274169921875
863,6,2.505568389892578
863,7,2.9890606689453123
864,1,11.624486083984374
864,2,13.268035888671875
864,3,6.2471685791015625
864,4,8.855659790039063
864,5,6.2836279296875
864,6,7.532510375976562
865,1,11.664306640625
865,2,9.216724853515625
865,3,9.496892700195312
865,4,6.4337353515625
866,1,11.8097705078125
866,2,9.446795654296874
866,3,11.504573974609375
866,4,9.209884643554688
866,5,6.063953247070312
866,6,12.329666748046876
867,1,12.2842822265625
867,2,8.872786254882813
867,3,3.258727722167969
868,1,12.141103515625
868,2,6.775784912109375
868,3,12.1307470703125
868,4,4.7337579345703125
869,1,13.0234423828125
869,2,9.258893432617187
869,3,9.576341552734375
869,4,8.5954833984375
869,5,14.941900634765625
870,1,13.55748779296875
870,2,6.727896728515625
871,1,13.031300048828125
871,2,12.11852783203125
872,1,11.91084716796875
872,2,4.554608764648438
872,3,9.774508056640625
872,4,2.761913146972656
872,5,14.5427880859375
872,6,3.097313232421875
873,1,12.47061767578125
873,2,1.8827447509765625
873,3,10.42310791015625
874,1,12.571033935546875
874,2,11.23791748046875
874,3,4.2271533203125
874,4,2.233640594482422
874,5,6.144135131835937
875,1,11.39477294921875
875,2,12.14470458984375
875,3,8.860714721679688
875,4,6.706557006835937
875,5,6.762435302734375
876,1,12.193099365234374
876,2,10.443050537109375
876,3,9.76979248046875
877,1,11.798787841796875
877,2,6.48505859375
877,3,11.50998046875
877,4,8.5738427734375
877,5,10.584761962890624
877,6,9.470131225585938
878,1,12.5140576171875
878,2,8.351193237304688
878,3,6.4550390625
879,1,12.828111572265625
879,2,8.447305908203125
879,3,4.554532470703125
879,4,3.84947265625
880,1,4.277455444335938
880,2,9.374022827148437
880,3,5.957454223632812
881,1,1.9102548217773438
882,1,11.132506103515626
882,2,4.812748718261719
883,1,4.267084045410156
883,2,11.03760009765625
883,3,0.5810226821899414
883,4,5.80454345703125
884,1,11.257742919921874
884,2,10.6175732421875
884,3,5.262276000976563
885,1,9.215614013671875
885,2,11.039547119140625
885,3,10.819952392578125
885,4,4.8864593505859375
886,1,9.608314819335938
886,2,10.571651611328125
886,3,3.292983093261719
887,1,10.740733642578125
887,2,10.915623779296874
887,3,10.2559716796875
888,1,1.2682130432128906
888,2,11.98521240234375
888,3,4.656078491210938
888,4,10.038748168945313
888,5,3.335990295410156
889,1,3.6165057373046876
889,2,11.658590087890625
889,3,10.107196655273437
889,4,4.167804260253906
889,5,12.024742431640625
889,6,8.861646118164062
890,1,13.26984619140625
890,2,5.025167846679688
890,3,9.671066284179688
890,4,1.1585218811035156
891,1,13.64712158203125
891,2,7.080611572265625
891,3,6.206001586914063
891,4,5.31374755859375
891,5,2.102672424316406
892,1,14.181363525390625
892,2,6.247135620117188
892,3,8.614453125
892,4,2.1279055786132814
893,1,13.447987060546875
893,2,5.415482788085938
893,3,9.391886596679688
893,4,9.206276245117188
893,5,3.752394104003906
893,6,4.8590576171875
894,1,4.99712646484375
894,2,14.053450927734374
894,3,12.61704345703125
895,1,3.5365676879882812
895,2,13.3752294921875
895,3,6.351641845703125
895,4,5.203616333007813
895,5,6.131651000976563
896,1,4.409901733398438
896,2,4.524053344726562
897,1,9.561171264648438
897,2,13.159901123046875
898,1,10.843245849609374
899,1,13.915247802734376
899,2,3.6576809692382812
899,3,8.577683715820312
899,4,7.287025756835938
900,1,11.43307373046875
901,1,5.62101318359375
902,1,1.7487074279785155
902,2,2.292927093505859
902,3,7.964188842773438
902,4,6.73716552734375
902,5,5.817364501953125
903,1,11.892586669921876
903,2,2.719031982421875
903,3,10.041439208984375
904,1,1.9537106323242188
904,2,3.4985617065429686
904,3,8.439783935546876
905,1,1.737991180419922
905,2,3.4001119995117186
905,3,13.404798583984375
905,4,4.687162170410156
906,1,5.093526611328125
906,2,2.802032470703125
906,3,12.737242431640626
907,1,7.300048217773438
907,2,4.373859252929687
907,3,8.738224487304688
908,1,10.360125732421874
908,2,10.7071044921875
908,3,3.6735455322265627
908,4,4.556011657714844
908,5,2.7545123291015625
909,1,6.139592895507812
909,2,9.142738037109375
909,3,12.587054443359374
910,1,5.016435241699218
910,2,3.4777838134765626
910,3,12.096219482421875
911,1,10.80392822265625
911,2,8.827685546875
911,3,5.924442749023438
911,4,6.52694580078125
911,5,12.2618359375
912,1,5.4097998046875
912,2,6.620869750976563
912,3,7.410960693359375
913,1,8.786552734375
913,2,5.37000732421875
913,3,3.3279754638671877
913,4,4.776518859863281
913,5,3.911096496582031
914,1,3.7374310302734375
914,2,4.522746276855469
914,3,14.972777099609376
915,1,4.79837646484375
916,1,0.9986455535888672
916,2,4.77186767578125
917,1,11.7283056640625
917,2,1.1913677215576173
917,3,4.649717102050781
918,1,1.926129608154297
919,1,0.8902365112304688
919,2,5.889415283203125
920,1,14.281578369140625
920,2,3.684945068359375
920,3,4.044313049316406
921,1,13.63214111328125
921,2,6.801458129882812
921,3,5.409039306640625
921,4,7.576959838867188
922,1,13.77118408203125
922,2,6.276217651367188
923,1,14.21006591796875
923,2,6.246549072265625
923,3,1.906617431640625
923,4,4.845560913085937
924,1,15.318460693359375
924,2,5.527948608398438
924,3,3.9102764892578126
924,4,2.2759393310546874
924,5,2.3739163208007814
925,1,14.741187744140625
925,2,2.143587799072266
925,3,3.2065463256835938
926,1,16.4632275390625
926,2,5.953283081054687
926,3,2.503931121826172
926,4,4.164448852539063
927,1,14.613270263671875
927,2,12.3439794921875
928,1,8.682333984375
928,2,14.374111328125
928,3,6.8105615234375
929,1,11.076212158203125
929,2,7.563988037109375
929,3,13.507353515625
930,1,17.278612060546877
931,1,15.4943994140625
931,2,6.27099365234375
932,1,5.564905395507813
932,2,10.082160034179687
932,3,13.563409423828125
933,1,5.730367431640625
933,2,5.0112698364257815
933,3,5.204273071289062
934,1,9.737756958007813
934,2,5.802227172851563
934,3,14.77392333984375
935,1,15.524754638671874
935,2,13.097027587890626
935,3,5.612460327148438
936,1,14.11528564453125
936,2,6.174359130859375
937,1,15.49923095703125
938,1,14.3743212890625
938,2,5.6064215087890625
939,1,12.8410498046875
940,1,12.396304931640625
941,1,12.28736083984375
941,2,10.68213134765625
942,1,12.077213134765625
942,2,10.69397216796875
942,3,4.837225646972656
943,1,11.995894775390624
943,2,10.603140869140624
943,3,5.7973870849609375
944,1,12.660911865234375
944,2,4.6375601196289065
944,3,7.77230224609375
945,1,11.05945556640625
945,2,6.2453460693359375
945,3,3.9579147338867187
945,4,3.265525207519531
945,5,8.787813720703125
946,1,11.113641357421875
946,2,13.09333740234375
946,3,3.939747314453125
946,4,5.871664428710938
946,5,6.467026977539063
946,6,2.9301278686523435
946,7,3.2090029907226563
947,1,12.775396728515625
947,2,3.822770690917969
947,3,3.760298767089844
947,4,3.1579205322265627
947,5,4.835406188964844
947,6,4.694508666992188
948,1,3.184573974609375
948,2,2.210732879638672
948,3,5.002491455078125
948,4,11.144609375
948,5,2.105310974121094
949,1,3.0274908447265627
949,2,6.444757080078125
949,3,6.506370239257812
949,4,2.035203704833984
949,5,10.226668701171874
950,1,7.964256591796875
950,2,4.380951843261719
950,3,8.340232543945312
950,4,6.385907592773438
950,5,7.907623291015625
950,6,2.645716552734375
950,7,6.562838745117188
950,8,4.685806579589844
951,1,10.80706787109375
951,2,7.52880126953125
951,3,4.355260009765625
951,4,1.686119384765625
951,5,8.940806884765625
951,6,7.023814086914062
951,7,4.879443664550781
952,1,12.63294677734375
952,2,6.557920532226563
952,3,2.572890625
952,4,3.078879699707031
952,5,7.082660522460937
953,1,13.793497314453125
953,2,4.761883850097656
953,3,5.189317016601563
953,4,1.7380331420898438
953,5,5.232652587890625
954,1,13.703350830078126
954,2,9.358062133789062
954,3,4.677906799316406
954,4,2.8305908203125
954,5,6.616080932617187
954,6,3.7506768798828123
954,7,5.02668701171875
955,1,13.64392578125
955,2,9.178642578125
955,3,5.3223388671875
955,4,6.2592840576171875
955,5,5.913778686523438
955,6,3.462160949707031
955,7,1.0795586395263672
956,1,8.81659423828125
956,2,8.20057373046875
956,3,11.395338134765625
956,4,4.941967468261719
957,1,6.965851440429687
957,2,4.747868347167969
957,3,6.86661376953125
958,1,10.648978271484374
958,2,5.533120727539062
958,3,7.1057568359375
958,4,4.7417333984375
959,1,14.1718603515625
959,2,5.1248712158203125
959,3,4.7838656616210935
960,1,5.295313720703125
960,2,4.374528198242188
960,3,5.652554321289062
961,1,5.374909057617187
961,2,5.498403930664063
961,3,3.6171368408203124
962,1,7.518158569335937
962,2,5.156907958984375
962,3,9.711063842773438
962,4,10.687044677734375
962,5,3.3304592895507814
963,1,7.6963653564453125
963,2,4.909588928222656
963,3,4.887851257324218
963,4,15.555225830078125
964,1,7.7181591796875
964,2,11.289520263671875
964,3,5.024691162109375
965,1,11.1676123046875
965,2,7.834569091796875
965,3,11.9598046875
965,4,14.03725341796875
966,1,13.935802001953125
966,2,13.618614501953125
966,3,5.3675048828125
966,4,3.0377883911132812
966,5,10.980010986328125
967,1,13.1128662109375
967,2,14.316900634765625
967,3,7.541558837890625
967,4,10.73151611328125
967,5,2.6327197265625
968,1,13.92981689453125
968,2,7.5355377197265625
968,3,6.736193237304687
968,4,7.454556274414062
968,5,2.7082650756835935
968,6,6.612478637695313
969,1,8.090926513671874
969,2,13.361273193359375
969,3,2.6381289672851564
969,4,3.3133612060546875
969,5,4.704111022949219
969,6,1.2150675201416015
969,7,13.47879638671875
970,1,5.047685546875
970,2,8.140359497070312
970,3,11.8177099609375
970,4,2.30197509765625
970,5,13.19044189453125
970,6,2.165116424560547
970,7,10.04044677734375
970,8,5.894868774414062
971,1,6.782017822265625
971,2,12.4515673828125
972,1,8.38935546875
972,2,10.34332275390625
972,3,2.8814627075195314
972,4,6.023340454101563
973,1,9.962332763671874
973,2,6.9014825439453125
973,3,12.8994287109375
974,1,8.526862182617187
974,2,4.218673400878906
974,3,7.098013916015625
975,1,7.744217529296875
975,2,4.84538818359375
975,3,15.1545751953125
975,4,13.641422119140625
976,1,5.9396600341796875
976,2,5.039380187988281
976,3,4.39343994140625
976,4,13.901209716796876
977,1,4.928977966308594
977,2,6.049783325195312
977,3,5.236358032226563
978,1,13.306051025390625
978,2,5.17534912109375
978,3,3.898511962890625
978,4,10.114251708984375
979,1,5.049072265625
979,2,11.8001513671875
979,3,6.51890625
980,1,12.7111279296875
980,2,7.127828979492188
980,3,12.321474609375
981,1,4.679947204589844
981,2,12.054913330078126
981,3,8.892127075195312
981,4,3.6389065551757813
982,1,3.588079528808594
982,2,11.892861328125
982,3,10.222598876953125
982,4,8.633023681640625
982,5,3.698819580078125
983,1,10.75299072265625
983,2,11.38027099609375
983,3,2.271051788330078
983,4,9.545076293945312
983,5,4.71688232421875
984,1,5.285616455078125
984,2,9.4569580078125
984,3,6.482371826171875
984,4,0.915892105102539
984,5,11.405323486328125
984,6,9.883016357421875
984,7,11.4957470703125
985,1,9.530419311523438
985,2,7.462623291015625
985,3,12.071861572265625
986,1,9.5885693359375
986,2,10.159839477539062
986,3,1.6059266662597655
986,4,11.31713134765625
986,5,4.95296142578125
987,1,9.430322265625
987,2,9.828711547851562
987,3,3.5291302490234373
988,1,9.29970458984375
988,2,9.853272094726563
988,3,3.2638970947265626
989,1,9.773272705078124
989,2,9.433143920898438
989,3,10.428699951171875
989,4,7.025953979492187
989,5,1.5136460876464843
989,6,11.361632080078126
990,1,10.161002197265624
990,2,9.940611572265626
990,3,8.840159912109375
990,4,4.888020935058594
991,1,10.282076416015625
991,2,9.849091796875
991,3,8.5030126953125
991,4,4.742130432128906
992,1,7.236412353515625
992,2,9.3201513671875
992,3,4.529848022460937
992,4,8.816930541992187
992,5,8.054234619140624
992,6,9.975128173828125
993,1,7.93762939453125
993,2,6.726082153320313
993,3,9.6041455078125
993,4,13.594884033203124
993,5,11.083831787109375
993,6,5.984242553710938
993,7,9.840718994140625
994,1,7.975821533203125
994,2,13.567950439453124
994,3,3.7829583740234374
994,4,9.578723754882812
994,5,11.337119140625
994,6,7.051546630859375
995,1,12.0194482421875
995,2,7.86776611328125
995,3,10.851209716796875
996,1,14.5570849609375
996,2,11.160611572265625
996,3,11.640384521484375
996,4,10.438570556640625
996,5,7.409391479492188
996,6,3.9266522216796873
996,7,10.286072998046874
996,8,3.9407879638671877
996,9,5.058112487792969
996,10,3.95196044921875
996,11,11.3976025390625
997,1,11.35007568359375
997,2,14.4120458984375
997,3,11.38681640625
997,4,9.44905517578125
997,5,9.706317138671874
997,6,4.590975952148438
997,7,3.982496337890625
997,8,4.8345339965820315
997,9,8.374771118164062
998,1,13.822296142578125
998,2,10.7920068359375
998,3,7.983601684570313
998,4,4.550111999511719
999,1,13.57116455078125
999,2,12.321015625
999,3,3.835579528808594
999,4,5.485384521484375
999,5,9.916765747070313
999,6,4.944201354980469
1000,1,6.920032348632812
1000,2,3.124198303222656
1000,3,4.039081420898437
1000,4,5.084945983886719
1000,5,13.04337890625
1000,6,13.6750634765625
1000,7,7.990234375
1001,1,8.131430053710938
1001,2,11.820455322265625
1001,3,9.070538330078126
1001,4,7.350133666992187
1002,1,9.720081176757812
1002,2,10.69361083984375
1002,3,5.91046142578125
1003,1,10.001905517578125
1003,2,11.467462158203125
1003,3,10.046143188476563
1004,1,9.49973876953125
1004,2,7.780655517578125
1004,3,13.836947021484375
1005,1,7.8269677734375
1005,2,10.15117919921875
1005,3,8.655181884765625
1006,1,7.646758422851563
1006,2,11.4608740234375
1006,3,10.58203369140625
1006,4,7.672130737304688
1006,5,7.541173095703125
1007,1,6.946473999023437
1007,2,11.225257568359375
1007,3,5.676690673828125
1007,4,11.120274658203124
1007,5,2.394905853271484
1007,6,2.2188079833984373
1008,1,7.138048706054687
1008,2,13.70915283203125
1008,3,9.393474731445313
1008,4,1.5386126708984376
1008,5,7.229139404296875
1008,6,2.398070526123047
1009,1,7.3468389892578125
1009,2,8.419749755859375
1009,3,13.524329833984375
1009,4,11.18381103515625
1009,5,1.6441873168945313
1010,1,7.19717529296875
1010,2,9.659125366210937
1010,3,7.033997802734375
1011,1,11.03021484375
1011,2,7.003763427734375
1011,3,5.613739013671875
1011,4,7.830949096679688
1011,5,3.2166574096679685
1012,1,8.3318115234375
1012,2,11.8348388671875
1012,3,7.483104858398438
1012,4,8.262491455078125
1013,1,8.837882080078124
1013,2,11.206234130859375
1013,3,11.04987548828125
1013,4,12.201304931640625
1013,5,14.0114404296875
1013,6,4.828381652832031
1013,7,4.720927734375
1013,8,6.016239013671875
1013,9,4.594158325195313
1014,1,13.8930908203125
1014,2,7.509664306640625
1014,3,4.509046936035157
1014,4,11.19733154296875
1014,5,11.757684326171875
1014,6,8.57542724609375
1015,1,4.142073059082032
1015,2,11.457877197265624
1016,1,3.9495806884765625
1016,2,8.53902099609375
1016,3,12.010694580078125
1016,4,10.4086376953125
1017,1,7.031083374023438
1017,2,11.25593017578125
1017,3,5.816697387695313
1017,4,2.9263720703125
1017,5,12.345694580078124
1018,1,3.3459912109375
1018,2,2.2284730529785155
1018,3,3.5872262573242186
1018,4,12.110733642578126
1019,1,4.148380432128906
1019,2,3.054112854003906
1019,3,3.1816058349609375
1019,4,3.7176052856445314
1020,1,6.751373901367187
1020,2,12.01181884765625
1020,3,4.802233581542969
1020,4,3.9574630737304686
1020,5,12.64310791015625
1021,1,3.656477966308594
1021,2,12.539217529296875
1021,3,4.766637878417969
1021,4,2.6133853149414064
1022,1,6.566207275390625
1022,2,11.002562255859376
1022,3,2.316148376464844
1023,1,7.4705133056640625
1023,2,11.37899169921875
1023,3,11.041197509765626
1023,4,10.652340087890625
1023,5,4.494036865234375
1023,6,2.4833251953125
1023,7,1.7433595275878906
1023,8,13.27956787109375
1024,1,5.329035034179688
1024,2,11.084139404296875
1024,3,2.464506072998047
1024,4,1.9234324645996095
1024,5,4.1841427612304685
1025,1,10.65154541015625
1025,2,11.494586181640624
1025,3,3.7053286743164064
1025,4,2.69072998046875
1026,1,12.2101708984375
1026,2,0.7789187622070313
1026,3,11.557838134765625
1027,1,9.038926391601562
1027,2,7.249639892578125
1027,3,11.848057861328124
1027,4,6.175333862304687
1027,5,11.125162353515625
1027,6,4.89937744140625
1028,1,6.193358764648438
1028,2,8.61611083984375
1028,3,11.17068359375
1028,4,9.463607788085938
1028,5,8.129974365234375
1028,6,4.275206604003906
1029,1,9.624585571289062
1029,2,11.35121826171875
1029,3,5.940173950195312
1029,4,12.34633544921875
1029,5,1.9527120971679688
1029,6,11.5362744140625
1029,7,2.2318014526367187
1029,8,12.72163330078125
1029,9,12.4026953125
1030,1,6.410333862304688
1030,2,10.485704345703125
1030,3,13.517052001953125
1030,4,8.631348266601563
1030,5,11.508448486328126
1030,6,10.325
1030,7,4.189289855957031
1030,8,3.7595486450195312
1030,9,5.736143188476563
1031,1,6.263828735351563
1031,2,11.157005615234375
1031,3,5.142554931640625
1031,4,13.3085888671875
1031,5,6.116650390625
1031,6,2.305882873535156
1031,7,11.04875732421875
1032,1,6.458056030273437
1032,2,11.2808544921875
1032,3,7.488922119140625
1032,4,13.044794921875
1032,5,2.61448486328125
1032,6,4.797249450683593
1032,7,0.5678121948242187
1033,1,9.8849658203125
1033,2,11.26170166015625
1033,3,4.7289126586914065
1033,4,2.2169654846191404
1033,5,7.429566040039062
1034,1,11.2991845703125
1034,2,10.77769775390625
1034,3,8.598656005859375
1034,4,11.225401611328126
1034,5,6.695465087890625
1034,6,3.37365478515625
1034,7,2.285023498535156
1034,8,9.555046997070313
1035,1,9.267814331054687
1035,2,11.376483154296874
1035,3,10.612020263671875
1035,4,10.792977294921876
1035,5,6.68932373046875
1036,1,8.484242553710937
1036,2,10.413526611328125
1036,3,12.9120361328125
1036,4,6.580465698242188
1036,5,12.897158203125
1037,1,2.5907586669921874
1037,2,8.019578247070312
1037,3,13.106640625
1037,4,10.364073486328126
1037,5,11.333809814453126
1038,1,13.74052490234375
1038,2,2.411251220703125
1038,3,6.601947021484375
1038,4,10.787396240234376
1038,5,3.935227355957031
1038,6,7.729938354492187
1038,7,4.466758422851562
1038,8,4.739420471191406
1039,1,1.6873345947265626
1039,2,8.31209716796875
1039,3,13.5826904296875
1039,4,2.3821607971191407
1039,5,10.692796630859375
1039,6,10.49776611328125
1040,1,6.817019653320313
1040,2,10.17585205078125
1040,3,4.525763244628906
1040,4,13.636376953125
1040,5,12.560780029296875
1040,6,10.054716186523438
1041,1,11.956396484375
1041,2,8.860768432617187
1041,3,3.0992919921875
1041,4,3.153646240234375
1041,5,7.555114135742188
1041,6,10.328677978515625
1041,7,13.64697998046875
1042,1,11.62797607421875
1042,2,7.642537841796875
1042,3,2.592579345703125
1042,4,5.976198120117187
1042,5,10.348802490234375
1042,6,16.857698974609374
1043,1,11.745225830078125
1043,2,14.83320556640625
1043,3,6.591905517578125
1043,4,6.585220947265625
1043,5,4.6733349609375
1044,1,12.6747900390625
1044,2,14.959625244140625
1044,3,6.79832275390625
1044,4,9.572848510742187
1045,1,12.417010498046874
1045,2,16.198218994140625
1045,3,11.065047607421874
1046,1,12.1755810546875
1046,2,11.9592724609375
1046,3,11.63593505859375
1046,4,5.425841064453125
1047,1,15.774715576171875
1047,2,13.01636962890625
1047,3,12.88659912109375
1047,4,3.1656619262695314
1047,5,3.2571475219726564
1047,6,15.897728271484375
1048,1,6.919210205078125
1048,2,13.426551513671875
1048,3,13.225523681640626
1048,4,4.620667419433594
1048,5,16.082059326171876
1049,1,16.65771484375
1049,2,4.971714172363281
1049,3,13.191846923828125
1049,4,12.0753564453125
1049,5,5.795004272460938
1050,1,16.478504638671875
1050,2,12.0345556640625
1050,3,12.861142578125
1050,4,7.242620849609375
1050,5,1.4575868225097657
1050,6,10.430550537109376
1051,1,16.135784912109376
1051,2,11.49769775390625
1051,3,12.75240234375
1051,4,6.677684936523438
1051,5,1.5212480163574218
1052,1,12.263311767578125
1052,2,12.3078857421875
1052,3,16.22967041015625
1052,4,12.604818115234375
1052,5,6.8718603515625
1052,6,3.623963623046875
1052,7,3.0325521850585937
1053,1,12.43392333984375
1053,2,12.312664794921876
1053,3,12.793857421875
1053,4,6.28195556640625
1053,5,6.28648681640625
1053,6,15.831412353515624
1053,7,8.991229858398437
1053,8,7.602769165039063
1054,1,10.949598388671875
1054,2,11.716239013671874
1054,3,12.496363525390626
1054,4,9.987108764648438
1054,5,7.937318115234375
1054,6,5.375219116210937
1054,7,14.680760498046874
1055,1,10.576480712890625
1055,2,9.297286376953124
1055,3,9.298240356445312
1055,4,5.762598266601563
1055,5,11.89360595703125
1055,6,7.217430419921875
1055,7,9.6699951171875
1055,8,9.486060791015625
1055,9,6.4737060546875
1056,1,10.723489990234375
1056,2,9.20954833984375
1056,3,9.489830322265625
1056,4,7.002640380859375
1056,5,9.76986328125
1056,6,7.478045043945312
1057,1,12.171851806640625
1057,2,9.518779296875
1057,3,6.9396142578125
1058,1,12.7229150390625
1058,2,9.25728759765625
1058,3,12.06941162109375
1058,4,6.296144409179687
1058,5,9.7643994140625
1059,1,13.089107666015625
1059,2,15.61448486328125
1059,3,12.598243408203125
1059,4,9.061085815429687
1059,5,6.952470703125
1059,6,10.242996826171876
1060,1,12.823427734375
1060,2,13.25321533203125
1060,3,8.228818359375
1060,4,14.94970458984375
1061,1,12.799791259765625
1061,2,12.3913818359375
1061,3,8.33929931640625
1061,4,14.996251220703124
1061,5,1.7139193725585937
1062,1,13.944085693359375
1062,2,12.1523193359375
1063,1,13.972664794921876
1063,2,11.8690283203125
1064,1,13.275430908203125
1064,2,11.91346923828125
1064,3,6.403297119140625
1064,4,14.87406005859375
1065,1,15.88469482421875
1065,2,11.962503662109375
1065,3,7.726861572265625
1065,4,12.482510986328125
1065,5,4.422606811523438
1066,1,15.667216796875
1066,2,12.763568115234374
1066,3,7.6114501953125
1066,4,14.737406005859375
1067,1,16.541153564453126
1067,2,13.283486328125
1067,3,15.014796142578126
1067,4,9.884366455078125
1067,5,12.458662109375
1068,1,15.9784375
1068,2,17.194168701171876
1068,3,13.5938330078125
1068,4,10.241031494140625
1069,1,14.832520751953124
1069,2,18.196337890625
1069,3,14.96927490234375
1069,4,10.21737060546875
1069,5,1.2079798889160156
1070,1,14.69096435546875
1070,2,16.541517333984373
1070,3,8.459384765625
1070,4,16.0899755859375
1070,5,2.334283447265625
1071,1,14.190819091796875
1071,2,16.36956298828125
1071,3,8.714097900390625
1071,4,16.933291015625
1071,5,5.532547607421875
1071,6,3.0789337158203125
1071,7,9.511810913085938
1072,1,17.49612548828125
1072,2,14.889434814453125
1072,3,13.96010498046875
1072,4,3.88402587890625
1072,5,8.0099072265625
1072,6,7.401904907226562
1073,1,14.625087890625
1073,2,16.114830322265625
1073,3,5.379915161132812
1073,4,17.114835205078126
1074,1,5.135941162109375
1074,2,14.006070556640625
1074,3,17.90177978515625
1074,4,13.721673583984375
1074,5,5.151956787109375
1075,1,5.623543701171875
1075,2,17.165128173828126
1075,3,12.896905517578125
1075,4,13.00318603515625
1075,5,7.607404174804688
1076,1,5.602140502929688
1076,2,14.117506103515625
1076,3,4.217160949707031
1076,4,15.917581787109375
1076,5,15.093046875
1076,6,9.083552856445312
1076,7,0.7242820739746094
1077,1,18.398240966796877
1077,2,6.80923828125
1077,3,15.71244140625
1077,4,0.7162269592285156
1078,1,18.899342041015625
1078,2,6.913828125
1078,3,15.884578857421875
1079,1,7.87320068359375
1079,2,17.348519287109376
1079,3,8.600234375
1079,4,9.591600952148438
1080,1,7.14046142578125
1080,2,17.281478271484374
1080,3,5.188751220703125
1080,4,8.465367431640624
1080,5,13.260543212890624
1080,6,9.853192749023437
1080,7,13.87281005859375
1081,1,7.363685913085938
1081,2,16.463802490234375
1081,3,15.335494384765624
1081,4,8.25967529296875
1082,1,8.73133056640625
1082,2,14.593839111328125
1082,3,6.72600830078125
1082,4,14.540411376953125
1083,1,8.859411010742187
1083,2,11.292884521484375
1084,1,9.233721923828124
1084,2,12.18536376953125
1085,1,9.771382446289062
1085,2,14.11404541015625
1085,3,5.5505224609375
1085,4,12.599967041015624
1086,1,12.439130859375
1086,2,9.958338012695313
1086,3,8.2953515625
1086,4,15.54221923828125
1086,5,5.2774658203125
1086,6,12.043763427734374
1086,7,11.376016845703125
1087,1,12.807734375
1087,2,9.908530883789062
1087,3,8.037320556640625
1087,4,15.376553955078125
1087,5,5.890479736328125
1087,6,10.68930908203125
1088,1,12.89644287109375
1088,2,8.791287231445313
1088,3,15.509083251953125
1088,4,10.065980224609374
1088,5,4.011384887695312
1089,1,8.471807250976562
1089,2,8.091392211914062
1089,3,9.837206420898438
1089,4,14.05616455078125
1089,5,5.09246826171875
1089,6,8.817196044921875
1089,7,6.6132659912109375
1090,1,6.99363525390625
1090,2,10.9414892578125
1090,3,7.757179565429688
1090,4,5.0310211181640625
1090,5,6.826786499023438
1090,6,8.766019287109375
1090,7,13.742347412109375
1091,1,6.060089721679687
1091,2,9.916865234375
1091,3,6.13718505859375
1091,4,5.351034545898438
1091,5,6.349488525390625
1092,1,7.46065185546875
1092,2,10.923282470703125
1092,3,13.1820947265625
1092,4,6.45341552734375
1092,5,6.196453247070313
1092,6,5.070523681640625
1093,1,7.876490478515625
1093,2,10.943575439453125
1093,3,13.071646728515624
1093,4,12.23134033203125
1093,5,7.112719116210937
1093,6,5.2787109375
1093,7,10.457724609375
1093,8,6.876295166015625
1093,9,5.477579956054687
